Date;Departure place;Arrival place;Departure time;Arrival time;Total time
26.01.26;MUC;SAN;08:30;08:40;
31.07.22;SFO;MUC;04:02;14:38;10:36
28.07.22;MUC;SFO;14:56;02:17;11:21
30.06.22;SAN;MUC;00:16;11:11;10:55
26.06.22;MUC;SAN;10:56;22:16;11:20
17.06.22;BKK;MUC;16:00;03:20;11:20
14.06.22;MUC;BKK;20:45;07:10;10:25
08.06.22;EWR;MUC;01:10;08:34;07:24
06.06.22;MUC;EWR;14:21;22:56;08:35
22.05.22;YVR;MUC;01:46;11:25;09:39
19.05.22;MUC;YVR;13:52;23:44;09:52
16.05.22;DEL;MUC;19:24;03:44;08:20
14.05.22;MUC;DEL;11:07;18:18;07:11
13.03.22;MUC;MUC;06:00;10:00;04:00
12.03.22;MUC;MUC;06:00;10:00;04:00
08.03.22;DXB;MUC;05:40;12:15;06:35
05.03.22;MUC;DXB;21:35;03:40;06:05
01.03.22;DXB;MUC;05:40;12:15;06:35
27.02.22;MUC;DXB;21:35;03:40;06:05
20.02.22;LAX;MUC;01:10;11:28;10:18
16.02.22;MUC;LAX;11:11;22:52;11:41
13.02.22;MIA;MUC;00:06;08:55;08:49
11.02.22;MUC;MIA;11:05;22:05;11:00
03.02.22;DXB;MUC;05:23;11:57;06:34
31.01.22;MUC;DXB;21:35;03:10;05:35
26.01.22;ORD;MUC;03:33;11:29;07:56
23.01.22;MUC;ORD;15:26;01:40;10:14
08.01.22;YYZ;FRA;23:16;06:25;07:09
06.01.22;FRA;YYZ;12:35;21:00;08:25
30.12.21;YYZ;FRA;01:07;08:20;07:13
28.12.21;FRA;YYZ;13:24;21:45;08:21
14.12.21;CLT;MUC;00:35;08:44;08:09
11.12.21;MUC;CLT;12:01;22:28;10:27
11.11.21;EWR;MUC;02:13;09:36;07:23
09.11.21;MUC;EWR;15:31;00:31;09:00
24.10.21;MUC;MUC;13:10;17:10;04:00
23.10.21;MUC;MUC;05:00;09:00;04:00
16.10.21;BOS;MUC;00:33;07:46;07:13
14.10.21;MUC;BOS;13:59;21:57;07:58
09.10.21;JFK;MUC;21:18;05:00;07:42
06.10.21;MUC;JFK;10:36;19:20;08:44
03.10.21;EWR;MUC;00:26;07:35;07:09
01.10.21;MUC;EWR;14:41;22:59;08:18
17.08.21;IAD;MUC;02:13;10:32;08:19
14.08.21;MUC;IAD;15:04;23:57;08:53
11.08.21;MUC;MUC;08:50;12:50;04:00
02.08.21;SEA;FRA;21:16;07:04;09:48
01.08.21;FRA;SEA;09:38;19:36;09:58
25.07.21;SFO;FRA;21:45;08:10;10:25
23.07.21;FRA;SFO;08:50;20:00;11:10
17.06.21;LAX;FRA;22:00;08:45;10:45
14.06.21;FRA;LAX;08:35;20:00;11:25
07.06.21;DEN;MUC;22:15;08:05;09:50
03.06.21;MUC;DEN;09:55;19:55;10:00
19.05.21;ICN;FRA;05:00;16:11;11:11
16.05.21;FRA;ICN;15:58;02:03;10:05
09.05.21;EWR;MUC;00:25;07:50;07:25
06.05.21;MUC;EWR;13:46;22:20;08:34
31.03.21;GRU;FRA;21:34;08:50;11:16
29.03.21;FRA;GRU;19:33;07:40;12:07
19.03.21;ORD;FRA;22:05;06:15;08:10
18.03.21;FRA;ORD;09:55;18:50;08:55
12.03.21;MUC;MUC;10:05;14:05;04:00
11.03.21;MUC;MUC;06:00;10:00;04:00
01.03.21;BKK;FRA;16:52;04:24;11:32
28.02.21;FRA;BKK;14:20;00:50;10:30
18.02.21;GRU;FRA;22:28;09:39;11:11
16.02.21;FRA;GRU;20:47;09:30;12:43
07.02.21;SFO;FRA;22:39;09:35;10:56
04.02.21;FRA;SFO;09:30;20:40;11:10
18.12.20;MUC;MUC;09:50;13:50;04:00
17.12.20;MUC;MUC;05:45;09:45;04:00
09.12.20;LAX;FRA;00:15;11:05;10:50
06.12.20;FRA;LAX;09:45;21:00;11:15
02.12.20;MUC;MUC;14:10;18:10;04:00
04.09.20;MUC;YUL;11:00;18:31;07:31
22.08.20;ICN;MUC;01:01;11:50;10:49
20.08.20;ICN;ICN;10:45;20:55;10:10
19.08.20;MUC;ICN;10:45;20:55;10:10
15.08.20;MUC;MUC;13:10;17:10;04:00
14.08.20;MUC;MUC;13:10;17:10;04:00
15.07.20;DEL;MUC;19:35;03:20;07:45
14.07.20;MUC;DEL;10:05;16:50;06:45
02.07.20;MUC;MUC;17:15;21:15;04:00
07.05.20;ICN;PEK;23:25;01:33;02:08
07.05.20;ICN;MUC;04:10;16:00;11:50
04.05.20;MUC;ICN;11:09;23:00;11:51
23.04.20;MUC;MUC;09:05;13:05;04:00
09.03.20;DEL;MUC;20:15;04:15;08:00
07.03.20;MUC;DEL;11:05;18:35;07:30
25.02.20;KIX;MUC;00:50;13:15;12:25
22.02.20;MUC;KIX;11:20;21:55;10:35
19.02.20;MUC;MUC;06:00;10:00;04:00
15.02.20;CLT;MUC;00:23;07:51;07:28
14.02.20;CLT;MUC;00:20;07:50;07:30
13.02.20;MUC;CLT;11:45;22:40;10:55
08.02.20;MEX;MUC;17:40;04:15;10:35
02.02.20;MUC;MEX;21:20;10:45;13:25
26.01.20;KIX;MUC;00:40;13:00;12:20
23.01.20;MUC;KIX;11:30;22:25;10:55
19.01.20;SIN;MUC;16:03;05:00;12:57
16.01.20;MUC;SIN;22:45;10:54;12:09
25.12.19;SIN;MUC;15:45;04:40;12:55
21.12.19;MUC;SIN;21:20;09:05;11:45
15.12.19;PEK;MUC;05:55;16:15;10:20
13.12.19;MUC;PEK;18:45;04:10;09:25
10.12.19;HND;MUC;03:40;15:40;12:00
07.12.19;MUC;HND;14:35;01:50;11:15
04.12.19;MUC;MUC;18:15;22:15;04:00
03.12.19;MUC;MUC;18:15;22:15;04:00
26.11.19;PEK;MUC;05:50;16:05;10:15
23.11.19;MUC;PEK;18:35;03:55;09:20
07.11.19;BOM;MUC;20:00;04:15;08:15
06.11.19;MUC;BOM;11:10;18:55;07:45
04.11.19;DEL;MUC;20:25;05:05;08:40
03.11.19;DEL;MUC;20:25;05:05;08:40
02.11.19;MUC;DEL;11:25;18:25;07:00
01.11.19;MUC;MUC;14:10;18:10;04:00
21.10.19;HND;MUC;03:35;15:15;11:40
18.10.19;MUC;HND;14:45;01:50;11:05
02.10.19;SIN;MUC;15:35;04:15;12:40
29.09.19;MUC;SIN;20:05;08:15;12:10
24.09.19;SIN;MUC;15:45;04:15;12:30
21.09.19;MUC;SIN;20:00;08:00;12:00
06.09.19;BOM;MUC;19:15;03:20;08:05
05.09.19;MUC;BOM;09:25;17:40;08:15
31.08.19;BOM;MUC;20:35;04:50;08:15
30.08.19;MUC;BOM;09:25;17:25;08:00
25.08.19;SIN;MUC;15:25;03:25;12:00
23.08.19;MUC;SIN;19:58;07:59;12:01
22.08.19;MUC;SIN;19:58;07:59;12:01
19.08.19;MUC;MUC;09:05;13:05;04:00
18.08.19;MUC;MUC;05:00;09:00;04:00
11.08.19;YVR;MUC;01:20;11:20;10:00
08.08.19;MUC;YVR;13:45;23:50;10:05
05.08.19;DEL;MUC;19:20;03:20;08:00
04.08.19;MUC;DEL;10:25;17:45;07:20
01.08.19;DEL;MUC;19:20;03:20;08:00
31.07.19;MUC;DEL;10:30;17:40;07:10
27.07.19;HND;MUC;03:45;15:10;11:25
24.07.19;MUC;HND;14:50;02:10;11:20
08.07.19;DEN;MUC;22:05;07:55;09:50
06.07.19;MUC;DEN;09:50;20:20;10:30
04.07.19;CLT;MUC;22:30;07:20;08:50
02.07.19;MUC;MUC;11:05;11:35;00:30
02.07.19;MUC;CLT;11:45;21:20;09:35
12.06.19;EWR;MUC;01:55;10:15;08:20
10.06.19;MUC;EWR;13:40;22:35;08:55
08.06.19;YUL;MUC;00:50;08:15;07:25
06.06.19;MUC;YUL;14:40;22:30;07:50
02.06.19;MEX;MEX;18:00;18:35;00:35
02.06.19;MEX;MUC;20:05;07:50;11:45
30.05.19;MUC;MEX;20:30;09:15;12:45
24.05.19;DEN;MUC;22:10;07:30;09:20
22.05.19;MUC;DEN;09:50;20:20;10:30
18.05.19;DEN;MUC;22:25;08:15;09:50
16.05.19;MUC;DEN;09:50;20:05;10:15
06.05.19;EWR;MUC;00:45;08:35;07:50
04.05.19;MUC;EWR;14:00;22:50;08:50
02.05.19;YUL;MUC;00:55;08:15;07:20
30.04.19;MUC;YUL;16:35;00:05;07:30
15.04.19;MUC;MUC;05:00;09:00;04:00
14.04.19;MUC;MUC;05:00;09:00;04:00
08.04.19;SIN;MUC;15:30;04:15;12:45
05.04.19;MUC;SIN;20:00;08:20;12:20
02.04.19;DEL;MUC;20:35;06:00;09:25
01.04.19;MUC;DEL;10:15;19:10;08:55
13.03.19;BOS;MUC;01:20;08:15;06:55
11.03.19;MUC;BOS;14:50;00:15;09:25
01.03.19;CPT;MUC;08:15;19:30;11:15
24.02.19;MUC;CPT;18:40;05:35;10:55
18.02.19;DEN;MUC;23:20;08:45;09:25
16.02.19;MUC;DEN;10:40;21:35;10:55
07.01.19;BOM;MUC;19:45;04:55;09:10
06.01.19;MUC;BOM;10:15;18:00;07:45
18.12.18;HND;MUC;03:30;15:25;11:55
15.12.18;MUC;HND;14:35;02:05;11:30
10.12.18;SIN;MUC;16:00;05:00;13:00
06.12.18;MUC;SIN;21:25;09:15;11:50
02.12.18;CLT;MUC;00:12;08:35;08:23
30.11.18;MUC;CLT;11:25;22:00;10:35
24.11.18;MEX;MUC;17:15;04:15;11:00
20.11.18;MUC;MEX;21:45;10:10;12:25
11.11.18;MEX;MUC;17:40;04:10;10:30
08.11.18;MUC;MEX;21:25;10:30;13:05
17.10.18;SIN;MUC;15:00;03:25;12:25
14.10.18;MUC;SIN;20:10;08:25;12:15
08.10.18;YYZ;MUC;00:50;08:45;07:55
06.10.18;MUC;YYZ;13:30;23:00;09:30
03.10.18;YYZ;MUC;00:40;08:20;07:40
01.10.18;MUC;YYZ;13:20;23:00;09:40
20.09.18;BOM;MUC;19:30;03:45;08:15
19.09.18;MUC;BOM;09:45;18:00;08:15
15.09.18;PVG;MUC;15:35;03:20;11:45
12.09.18;MUC;PVG;20:20;06:50;10:30
06.09.18;MUC;JFK;10:29;19:25;08:56
04.09.18;MUC;MUC;09:05;13:05;04:00
31.08.18;HND;MUC;03:35;15:25;11:50
28.08.18;MUC;HND;16:40;03:55;11:15
15.08.18;JFK;MUC;21:30;05:01;07:31
14.08.18;MUC;JFK;10:50;19:40;08:50
02.08.18;ICN;MUC;03:15;14:10;10:55
31.07.18;MUC;ICN;10:25;20:55;10:30
25.07.18;SIN;MUC;15:10;03:25;12:15
21.07.18;MUC;SIN;20:40;09:05;12:25
17.07.18;HND;MUC;03:25;14:55;11:30
15.07.18;MUC;HND;15:10;02:30;11:20
17.06.18;YVR;MUC;01:15;11:15;10:00
14.06.18;MUC;YVR;13:55;23:45;09:50
08.06.18;HND;MUC;03:35;15:25;11:50
06.06.18;MUC;HND;16:10;03:55;11:45
02.06.18;PVG;MUC;15:25;03:10;11:45
30.05.18;MUC;PVG;20:30;07:15;10:45
26.05.18;DEN;MUC;22:05;07:55;09:50
24.05.18;MUC;DEN;09:50;20:25;10:35
18.05.18;YVR;MUC;01:20;11:20;10:00
15.05.18;MUC;YVR;13:50;23:45;09:55
13.05.18;BOS;MUC;00:10;07:20;07:10
11.05.18;MUC;BOS;13:55;22:15;08:20
02.05.18;MEX;MUC;15:40;03:10;11:30
29.04.18;MUC;MEX;21:00;09:40;12:40
28.04.18;MUC;MEX;20:25;09:05;12:40
22.04.18;MUC;MUC;13:10;17:09;03:59
14.04.18;DEL;MUC;19:25;03:30;08:05
13.04.18;MUC;DEL;10:25;17:45;07:20
07.04.18;DEL;MUC;20:05;03:50;07:45
06.04.18;MUC;DEL;10:25;18:05;07:40
28.03.18;ORD;MUC;02:35;11:00;08:25
26.03.18;MUC;ORD;13:55;23:50;09:55
23.03.18;DEL;MUC;20:40;05:00;08:20
22.03.18;MUC;DEL;11:35;18:35;07:00
18.03.18;PVG;MUC;15:45;04:10;12:25
15.03.18;MUC;PVG;21:10;08:10;11:00
09.03.18;BOS;MUC;01:20;08:35;07:15
07.03.18;MUC;BOS;14:40;22:45;08:05
24.02.18;HND;MUC;03:45;14:55;11:10
22.02.18;MUC;HND;14:45;01:50;11:05
17.02.18;HND;MUC;03:40;15:25;11:45
15.02.18;MUC;HND;14:35;02:05;11:30
12.02.18;DEN;MUC;23:15;08:35;09:20
10.02.18;MUC;DEN;10:30;21:40;11:10
03.02.18;PVG;MUC;15:40;04:15;12:35
31.01.18;MUC;PVG;21:00;07:50;10:50
21.01.18;BOS;MUC;01:25;08:15;06:50
19.01.18;MUC;BOS;14:40;23:30;08:50
10.01.18;HKG;MUC;16:38;04:50;12:12
07.01.18;MUC;HKG;21:30;08:10;10:40
06.01.18;MUC;HKG;21:35;08:40;11:05
03.01.18;BOM;MUC;19:50;04:35;08:45
02.01.18;MUC;BOM;10:50;18:10;07:20
18.12.17;HKG;MUC;16:05;04:15;12:10
16.12.17;MUC;HKG;21:45;08:55;11:10
06.12.17;HKG;MUC;15:50;04:15;12:25
03.12.17;MUC;HKG;21:45;08:40;10:55
02.12.17;MUC;HKG;21:45;08:40;10:55
26.11.17;PEK;MUC;06:00;16:35;10:35
24.11.17;MUC;PEK;18:25;03:30;09:05
16.11.17;MUC;MUC;18:15;22:14;03:59
13.11.17;BOS;MUC;01:10;08:10;07:00
11.11.17;MUX;BOS;14:45;23:15;08:30
07.11.17;SFO;MUC;05:20;16:05;10:45
04.11.17;MUC;SFO;15:20;02:55;11:35
26.10.17;MUC;TXL;15:30;16:50;01:20
26.10.17;TXL;MUC;18:10;19:20;01:10
25.10.17;MUC;MUC;13:10;17:09;03:59
20.10.17;IAD;MUC;02:20;10:25;08:05
18.10.17;MUC;IAD;14:05;23:10;09:05
10.10.17;BOM;MUC;19:10;03:25;08:15
09.10.17;MUC;BOM;09:55;17:30;07:35
04.10.17;BOM;MUC;19:05;03:35;08:30
03.10.17;MUC;BOM;09:45;17:45;08:00
30.09.17;DEL;MUC;19:30;03:40;08:10
29.09.17;MUC;DEL;10:55;17:55;07:00
23.09.17;DEL;MUC;19:30;03:26;07:56
22.09.17;MUC;DEL;10:35;18:10;07:35
15.09.17;DEL;MUC;19:36;03:38;08:02
14.09.17;MUC;DEL;10:33;17:47;07:14
09.09.17;BOM;MUC;19:34;03:48;08:14
09.09.17;BOM;MUC;19:34;03:48;08:14
08.09.17;MUC;BOM;10:05;17:47;07:42
08.09.17;MUC;BOM;10:05;17:47;07:42
04.09.17;DEL;MUC;19:44;03:40;07:56
03.09.17;MUC;DEL;10:20;17:46;07:26
28.08.17;MUC;DEL;10:35;18:15;07:40
28.08.17;DEL;MUC;19:40;03:43;08:03
25.08.17;MUC;MUC;17:15;21:14;03:59
21.08.17;CLT;MUC;22:30;07:10;08:40
20.08.17;MUC;CLT;10:15;20:35;10:20
13.08.17;HKG;MUC;15:15;03:15;12:00
10.08.17;MUC;HKG;20:30;07:45;11:15
31.07.17;YYZ;MUC;00:15;08:25;08:10
29.07.17;MUC;YYZ;14:00;22:45;08:45
13.07.17;ORD;MUC;02:40;11:00;08:20
11.07.17;MUC;ORD;13:55;23:45;09:50
18.06.17;DEN;MUC;22:20;07:50;09:30
16.06.17;MUC;DEN;09:45;20:40;10:55
10.06.17;SFO;MUC;03:45;14:40;10:55
07.06.17;MUC;SFO;14:15;02:20;12:05
03.06.17;CLT;MUC;22:20;07:00;08:40
01.06.17;MUC;CLT;10:20;20:10;09:50
27.05.17;IAD;MUC;02:19;10:25;08:06
25.05.17;MUC;IAD;13:55;23:20;09:25
23.05.17;YYZ;MUC;00:15;08:05;07:50
21.05.17;MUC;YYZ;13:50;22:40;08:50
16.05.17;DUS;MUC;10:25;11:40;01:15
16.05.17;MUC;DUS;16:05;17:15;01:10
12.05.17;YYZ;MUC;00:18;08:45;08:27
12.05.17;MUC;YYZ;00:20;08:45;08:25
10.05.17;MUC;YYZ;14:00;22:30;08:30
29.04.17;MIA;MUC;22:45;08:15;09:30
28.04.17;MUC;MIA;10:35;21:05;10:30
11.04.17;HKG;MUC;15:10;03:20;12:10
08.04.17;MUC;HKG;20:30;08:10;11:40
02.04.17;HND;MUC;03:40;16:00;12:20
30.03.17;MUC;HND;14:15;01:50;11:35
28.03.17;MUC;MUC;13:10;17:09;03:59
27.03.17;MUC;MUC;17:15;21:14;03:59
25.03.17;EWR;MUC;01:45;09:40;07:55
23.03.17;MUC;EWR;15:30;00:15;08:45
08.03.17;MEX;MUC;17:00;04:15;11:15
04.03.17;MUC;MEX;22:05;10:15;12:10
28.02.17;JED;FRA;23:35;05:35;06:00
26.02.17;ADD;JED;19:55;22:30;02:35
25.02.17;FRA;JED;09:20;14:50;05:30
25.02.17;JED;ADD;15:30;18:10;02:40
19.02.17;HKG;MUC;15:50;04:15;12:25
15.02.17;MUC;HKG;21:35;09:15;11:40
10.02.17;MUC;BOM;10:50;18:55;08:05
10.02.17;BOM;MUC;20:10;05:05;08:55
01.02.17;CPT;MUC;07:20;18:30;11:10
28.01.17;MUC;CPT;18:05;05:35;11:30
24.01.17;ORD;MUC;04:30;13:05;08:35
22.01.17;MUC;ORD;15:05;01:15;10:10
10.01.17;LAX;MUC;01:40;12:15;10:35
07.01.17;MUC;LAX;11:15;23:55;12:40
21.12.16;JFK;MUC;23:35;06:50;07:15
20.12.16;MUC;JFK;11:30;20:45;09:15
14.12.16;DEN;MUC;23:05;08:50;09:45
13.12.16;CYS;APA;00:10;01:15;01:05
12.12.16;APA;CYS;22:15;23:20;01:05
11.12.16;MUC;DEN;10:30;21:30;11:00
05.12.16;BOM;MUC;20:00;04:55;08:55
03.12.16;MUC;BOM;11:20;18:55;07:35
01.12.16;MUC;MUC;18:15;22:14;03:59
27.11.16;MUC;MLA;11:00;13:20;02:20
27.11.16;MLA;MUC;14:35;16:56;02:21
15.11.16;ICN;MUC;03:40;14:55;11:15
12.11.16;MUC;ICN;15:10;01:30;10:20
05.11.16;PVG;MUC;15:50;04:35;12:45
02.11.16;MUC;PVG;21:05;08:00;10:55
30.10.16;IKA;MUC;03:00;08:20;05:20
27.10.16;MUC;IKA;20:05;00:40;04:35
22.10.16;BOS;MUC;00:35;07:51;07:16
20.10.16;MUC;BOS;14:10;22:50;08:40
17.10.16;DEL;MUC;19:10;03:45;08:35
16.10.16;MUC;DEL;10:05;17:35;07:30
04.10.16;HND;MUC;03:35;15:15;11:40
01.10.16;MUC;HND;14:00;01:20;11:20
25.09.16;YVR;MUC;02:00;12:30;10:30
22.09.16;MUC;YVR;13:35;23:45;10:10
20.09.16;IKA;MUC;03:00;08:00;05:00
17.09.16;MUC;IKA;20:10;00:40;04:30
13.09.16;PEK;MUC;04:25;14:50;10:25
11.09.16;MUC;PEK;17:20;03:10;09:50
10.09.16;MUC;MUC;05:00;08:59;03:59
05.09.16;JFK;MUC;21:35;05:35;08:00
04.09.16;MUC;JFK;10:20;19:10;08:50
31.08.16;LAX;MUC;00:15;11:50;11:35
28.08.16;MUC;LAX;10:05;22:00;11:55
24.08.16;DEN;MUC;22:05;08:00;09:55
21.08.16;MUC;DEN;09:50;20:10;10:20
15.08.16;MUC;MUC;09:05;13:04;03:59
11.08.16;YYZ;MUC;03:10;10:55;07:45
09.08.16;MUC;YYZ;13:55;22:55;09:00
03.08.16;EWR;MUC;00:00;07:20;07:20
01.08.16;MUC;EWR;14:20;23:25;09:05
31.07.16;IKA;MUC;02:40;07:50;05:10
28.07.16;MUC;IKA;20:15;00:40;04:25
24.07.16;HKG;MUC;15:25;03:25;12:00
21.07.16;MUC;HKG;20:30;07:40;11:10
16.07.16;BOS;MUC;00:25;07:35;07:10
14.07.16;MUC;BOS;14:10;23:05;08:55
12.07.16;YUL;MUC;00:20;07:55;07:35
10.07.16;MUC;YUL;14:10;22:45;08:35
16.06.16;CLT;MUC;23:05;07:45;08:40
14.06.16;MUC;CLT;10:15;19:50;09:35
06.06.16;BOS;MUC;00:20;07:35;07:15
05.06.16;MUC;BOS;14:35;22:40;08:05
26.05.16;HKG;MUC;15:20;03:10;11:50
23.05.16;MUC;HKG;20:25;07:40;11:15
12.05.16;PVG;MUC;15:35;03:40;12:05
09.05.16;MUC;PVG;20:20;07:05;10:45
02.05.16;PVG;MUC;15:30;03:45;12:15
29.04.16;MUC;PVG;20:30;07:20;10:50
25.04.16;DEL;MUC;19:15;03:30;08:15
24.04.16;MUC;DEL;09:50;17:10;07:20
17.04.16;PVG;MUC;15:30;03:25;11:55
16.04.16;MUC;PVG;20:20;07:10;10:50
10.04.16;MUC;MUC;09:05;13:04;03:59
05.04.16;SFO;MUC;03:40;14:50;11:10
02.04.16;MUC;SFO;13:55;01:40;11:45
17.03.16;MUC;DEL;11:10;19:05;07:55
17.03.16;DEL;MUC;20:25;04:50;08:25
15.03.16;MUC;MUC;18:15;22:14;03:59
11.03.16;CLT;MUC;23:40;08:05;08:25
09.03.16;MUC;CLT;11:30;21:45;10:15
28.02.16;BOM;MUC;18:55;04:45;09:50
27.02.16;MUC;BOM;10:30;18:35;08:05
20.02.16;ICN;MUC;01:40;14:35;12:55
18.02.16;MUC;ICN;15:10;01:30;10:20
31.01.16;GRU;MUC;20:50;08:30;11:40
29.01.16;MUC;GRU;21:20;10:00;12:40
23.01.16;MIA;MUC;00:50;10:00;09:10
21.01.16;MUC;MIA;10:50;22:10;11:20
06.01.16;EWR;MUC;00:40;08:05;07:25
04.01.16;MUC;EWR;15:00;00:10;09:10
15.12.15;PVG;MUC;16:10;04:10;12:00
12.12.15;MUC;PVG;21:00;07:55;10:55
07.12.15;DEL;MUC;20:20;04:40;08:20
06.12.15;MUC;DEL;11:20;18:50;07:30
01.12.15;CPT;MUC;07:20;19:20;12:00
28.11.15;MUC;CPT;18:05;05:35;11:30
17.11.15;ICN;MUC;03:40;15:05;11:25
15.11.15;MUC;ICN;14:55;01:40;10:45
13.11.15;MUC;MUC;18:15;22:14;03:59
05.11.15;RUH;MUC;22:15;04:15;06:00
02.11.15;MUC;RUH;15:10;20:50;05:40
24.10.15;SFO;MUC;03:50;15:00;11:10
21.10.15;MUC;SFO;13:50;02:00;12:10
16.10.15;YYZ;MUC;21:45;05:55;08:10
14.10.15;MUC;YYZ;10:26;19:23;08:57
11.10.15;DEL;MUC;19:15;04:00;08:45
10.10.15;MUC;DEL;10:00;17:20;07:20
01.10.15;DEL;MUC;19:30;03:40;08:10
30.09.15;MUC;DEL;09:55;17:45;07:50
23.09.15;SFO;MUC;05:05;15:50;10:45
20.09.15;MUC;SFO;14:20;02:25;12:05
17.09.15;RUH;MUC;21:40;03:20;05:40
14.09.15;MUC;RUH;14:30;19:45;05:15
06.09.15;HKG;MUC;15:20;03:50;12:30
03.09.15;MUC;HKG;20:15;07:50;11:35
31.08.15;MUC;MUC;13:10;17:09;03:59
28.08.15;YYZ;MUC;21:45;05:45;08:00
27.08.15;MUC;YYZ;09:55;18:50;08:55
24.08.15;MUC;MUC;09:05;13:04;03:59
14.08.15;MEX;MUC;15:40;03:10;11:30
09.08.15;MUC;MEX;20:35;08:55;12:20
04.08.15;EWR;MUC;00:20;08:15;07:55
02.08.15;MUC;EWR;13:35;22:15;08:40
28.06.15;ICN;MUC;03:00;14:25;11:25
26.06.15;MUC;ICN;14:35;00:55;10:20
21.06.15;JFK;MUC;21:45;05:30;07:45
20.06.15;MUC;JFK;10:05;19:30;09:25
13.06.15;LAX;MUC;00:15;11:45;11:30
10.06.15;MUC;LAX;10:05;22:30;12:25
06.06.15;SFO;MUC;03:40;15:10;11:30
03.06.15;MUC;SFO;14:05;02:00;11:55
22.05.15;PVG;MUC;15:40;03:30;11:50
19.05.15;MUC;PVG;20:20;07:20;11:00
13.05.15;HND;MUC;03:30;15:30;12:00
10.05.15;MUC;HND;13:35;00:50;11:15
09.05.15;FRA;FRA;09:05;13:04;03:59
29.04.15;ICN;MUC;03:15;14:50;11:35
26.04.15;MUC;ICN;14:00;00:15;10:15
19.04.15;HKG;MUC;17:05;06:20;13:15
16.04.15;MUC;HKG;20:15;07:50;11:35
13.04.15;BOM;MUC;19:55;04:15;08:20
12.04.15;MUC;BOM;09:35;17:30;07:55
01.04.15;ICN;MUC;03:10;14:45;11:35
29.03.15;MUC;ICN;14:05;00:55;10:50
28.03.15;FRA;FRA;14:10;18:09;03:59
24.03.15;DEL;MUC;20:40;05:05;08:25
23.03.15;MUC;DEL;11:10;18:40;07:30
17.03.15;PEK;MUC;06:00;16:45;10:45
15.03.15;PEK;PEK;00:00;23:59;23:59
14.03.15;MUC;PEK;20:15;05:45;09:30
08.03.15;GRU;MUC;20:55;08:50;11:55
05.03.15;MUC;GRU;21:20;09:40;12:20
28.02.15;BOM;MUC;19:55;04:45;08:50
27.02.15;MUC;BOM;10:35;18:10;07:35
23.02.15;BOS;MUC;03:10;10:10;07:00
21.02.15;MUC;BOS;14:35;00:30;09:55
19.02.15;DXB;MUC;05:15;11:40;06:25
17.02.15;MUC;DXB;21:15;03:00;05:45
16.02.15;FRA;FRA;10:05;14:04;03:59
12.02.15;ORD;MUC;04:40;13:20;08:40
09.02.15;MUC;ORD;15:00;01:05;10:05
05.01.15;ORD;MUC;04:20;12:40;08:20
03.01.15;MUC;ORD;14:40;02:05;11:25
27.12.14;DXB;MUC;05:15;12:10;06:55
23.12.14;MUC;DXB;23:00;04:40;05:40
18.12.14;ICN;MUC;03:50;15:35;11:45
15.12.14;MUC;ICN;15:10;01:25;10:15
13.12.14;CLT;MUC;23:35;08:40;09:05
11.12.14;MUC;CLT;11:25;21:40;10:15
29.11.14;MUC;MUC;14:10;18:09;03:59
23.11.14;MEX;MUC;16:45;04:10;11:25
20.11.14;MUC;MEX;21:50;10:30;12:40
15.11.14;RUH;MUC;20:00;04:10;08:10
14.11.14;RUH;RUH;00:00;23:59;23:59
09.11.14;HND;MUC;03:45;16:05;12:20
09.11.14;MUC;RUH;16:15;21:40;05:25
05.11.14;MUC;HND;14:15;01:25;11:10
01.11.14;GRU;MUC;21:00;08:40;11:40
29.10.14;MUC;GRU;21:15;09:20;12:05
26.10.14;ORD;MUC;03:15;11:50;08:35
24.10.14;MUC;ORD;13:55;23:45;09:50
22.10.14;MUC;MUC;09:05;13:04;03:59
17.10.14;MUC;DEL;10:05;17:15;07:10
17.10.14;DEL;MUC;19:15;03:35;08:20
27.09.14;LAX;MUC;00:50;11:40;10:50
24.09.14;MUC;LAX;10:29;22:40;12:11
19.09.14;EWR;DUS;20:45;04:10;07:25
18.09.14;DUS;EWR;10:05;18:40;08:35
05.09.14;EWR;DUS;20:25;04:20;07:55
04.09.14;DUS;EWR;11:05;19:35;08:30
31.08.14;DEL;MUC;19:20;03:30;08:10
30.08.14;MUC;DEL;09:50;17:15;07:25
25.08.14;MUC;YYZ;10:05;19:00;08:55
25.08.14;YYZ;MUC;21:50;05:35;07:45
15.08.14;HKG;MUC;15:15;03:25;12:10
14.08.14;MUC;HKG;20:20;08:10;11:50
16.07.14;YVR;MUC;01:30;12:05;10:35
13.07.14;MUC;YVR;13:45;23:50;10:05
10.07.14;IAD;MUC;02:20;10:35;08:15
09.07.14;PHL;IAD;00:05;01:50;01:45
08.07.14;MUC;PHL;13:55;23:30;09:35
05.07.14;EWR;MUC;00:25;07:55;07:30
03.07.14;MUC;EWR;13:40;22:25;08:45
28.06.14;YUL;MUC;00:20;08:00;07:40
27.06.14;MUC;YUL;13:55;22:00;08:05
24.06.14;ORD;DUS;22:45;07:25;08:40
22.06.14;DUS;ORD;10:45;19:45;09:00
16.06.14;MEX;MUC;15:30;03:05;11:35
13.06.14;MUC;MEX;20:20;08:50;12:30
10.06.14;YUL;MUC;00:20;07:55;07:35
08.06.14;MUC;YUL;14:00;21:55;07:55
16.05.14;HND;MUC;03:15;15:25;12:10
15.05.14;DXB;MUC;03:40;10:15;06:35
15.05.14;MUC;HND;13:35;01:15;11:40
14.05.14;MUC;DXB;18:40;00:30;05:50
08.05.14;BOM;MUC;19:25;03:35;08:10
07.05.14;MUC;BOM;09:40;17:55;08:15
05.05.14;MUC;BOM;09:40;17:55;08:15
05.05.14;BOM;MUC;19:25;03:35;08:10
04.05.14;DEL;MUC;19:10;03:15;08:05
03.05.14;MUC;DEL;09:50;17:30;07:40
02.05.14;FRA;FRA;09:05;13:04;03:59
01.05.14;MUC;MUC;05:00;08:59;03:59
16.04.14;LAX;MUC;00:20;11:30;11:10
13.04.14;MUC;LAX;10:10;22:10;12:00
08.04.14;GRU;MUC;20:00;07:30;11:30
05.04.14;MUC;GRU;20:20;08:35;12:15
01.04.14;BOS;MUC;00:25;08:05;07:40
30.03.14;MUC;BOS;13:55;22:25;08:30
21.03.14;PEK;MUC;06:25;17:10;10:45
20.03.14;MUC;PEK;18:50;04:25;09:35
10.03.14;PVG;MUC;15:35;04:20;12:45
07.03.14;MUC;PVG;20:45;07:45;11:00
28.02.14;EWR;MUC;01:25;08:55;07:30
26.02.14;MUC;EWR;14:35;23:40;09:05
17.02.14;YUL;MUC;01:00;08:25;07:25
14.02.14;MUC;YUL;14:35;23:35;09:00
12.02.14;EWR;MUC;01:25;08:45;07:20
09.02.14;MUC;EWR;14:30;23:35;09:05
01.02.14;JFK;MUC;22:35;06:05;07:30
31.01.14;MUC;JFK;10:40;20:15;09:35
20.01.14;HKG;MUC;15:48;04:24;12:36
17.01.14;MUC;HKG;21:04;08:09;11:05
14.01.14;CLT;MUC;23:20;07:45;08:25
12.01.14;MUC;CLT;10:20;20:50;10:30
04.01.14;NRT;MUC;03:50;16:05;12:15
15.12.13;NRT;MUC;03:55;16:15;12:20
14.12.13;MUC;NRT;15:15;02:40;11:25
13.12.13;MUC;MUC;14:10;18:09;03:59
11.12.13;YUL;MUC;01:05;08:45;07:40
09.12.13;MUC;YUL;14:35;23:30;08:55
05.12.13;MUC;BOM;10:25;18:10;07:45
05.12.13;BOM;MUC;20:30;05:10;08:40
24.11.13;MUC;BOM;10:25;18:30;08:05
24.11.13;BOM;MUC;20:10;04:45;08:35
15.11.13;MUC;FRA;05:40;07:10;01:30
15.11.13;FRA;HAM;07:40;08:50;01:10
15.11.13;HAM;MUC;13:50;15:40;01:50
07.11.13;NRT;MUC;03:50;16:15;12:25
04.11.13;MUC;NRT;14:45;01:45;11:00
01.11.13;EWR;MUC;01:25;08:45;07:20
30.10.13;MUC;EWR;14:35;23:35;09:00
26.10.13;SAF;APA;14:15;17:20;03:05
24.10.13;SAF;SAF;14:10;18:15;04:05
23.10.13;KGYI;AMA;15:25;18:05;02:40
23.10.13;AMA;SAF;20:00;22:15;02:15
17.10.13;JFK;MUC;21:45;05:38;07:53
16.10.13;MUC;JFK;09:45;18:35;08:50
11.10.13;JFK;MUC;21:40;05:50;08:10
10.10.13;MUC;JFK;09:45;18:50;09:05
06.10.13;MUC;MUC;09:05;13:04;03:59
01.10.13;DXB;MUC;03:45;10:05;06:20
29.09.13;MUC;DXB;19:45;01:32;05:47
25.09.13;IAD;MUC;01:45;10:25;08:40
23.09.13;MUC;IAD;13:55;23:10;09:15
19.09.13;DXB;MUC;03:40;10:05;06:25
18.09.13;MUC;DXB;19:55;02:00;06:05
15.09.13;LAX;MUC;00:35;14:50;14:15
12.09.13;MUC;LAX;13:55;02:05;12:10
06.09.13;DEL;MUC;03:10;11:05;07:55
04.09.13;MUC;DEL;17:55;01:05;07:10
01.09.13;JED;RUH;19:20;21:10;01:50
01.09.13;RUH;MUC;21:50;03:25;05:35
31.08.13;MUC;RUH;10:10;15:35;05:25
31.08.13;RUH;JED;16:05;17:55;01:50
27.08.13;NRT;MUC;03:40;15:35;11:55
24.08.13;MUC;NRT;14:00;00:15;10:15
20.08.13;BOS;MUC;00:35;07:55;07:20
18.08.13;MUC;BOS;13:45;22:25;08:40
21.07.13;EWR;MUC;00:15;08:20;08:05
19.07.13;MUC;EWR;13:45;22:15;08:30
12.07.13;SFO;MUC;04:00;14:25;10:25
11.07.13;MUC;SFO;14:05;02:15;12:10
08.07.13;JED;MUC;22:05;03:35;05:30
06.07.13;MUC;RUH;10:10;15:55;05:45
06.07.13;RUH;JED;16:35;18:15;01:40
01.07.13;NRT;MUC;03:40;15:30;11:50
28.06.13;MUC;NRT;14:20;02:00;11:40
23.06.13;HKG;MUC;15:45;03:50;12:05
20.06.13;MUC;HKG;20:20;07:35;11:15
17.06.13;EWR;MUC;00:20;07:55;07:35
15.06.13;MUC;EWR;13:45;22:35;08:50
11.06.13;YVR;MUC;01:40;12:05;10:25
09.06.13;YVR;MUC;01:40;12:05;10:25
08.06.13;MUC;YVR;13:35;00:15;10:40
06.06.13;MUC;MUC;17:15;21:14;03:59
29.05.13;BOS;MUC;00:15;07:45;07:30
27.05.13;MUC;BOS;13:50;22:30;08:40
20.05.13;SFO;MUC;04:00;15:20;11:20
17.05.13;MUC;SFO;17:00;04:35;11:35
07.05.13;CLT;MUC;21:25;06:10;08:45
06.05.13;MUC;CLT;09:20;19:15;09:55
03.05.13;EWR;DUS;20:15;04:10;07:55
02.05.13;DUS;EWR;10:00;18:05;08:05
23.04.13;BOM;MUC;18:40;03:10;08:30
20.04.13;MUC;BOM;09:40;17:50;08:10
15.04.13;JFK;MUC;21:30;05:25;07:55
14.04.13;MUC;JFK;09:50;19:00;09:10
09.04.13;FRA;FRA;09:05;13:04;03:59
06.04.13;BOM;MUC;19:35;04:00;08:25
05.04.13;MUC;BOM;09:55;17:50;07:55
05.04.13;BOM;MUC;19:35;04:00;08:25
23.03.13;PVG;MUC;15:45;04:10;12:25
20.03.13;MUC;PVG;21:00;07:30;10:30
09.03.13;HKG;MUC;15:55;04:15;12:20
06.03.13;MUC;HKG;20:50;07:55;11:05
25.02.13;BOM;MUC;20:10;04:50;08:40
24.02.13;MUC;BOM;10:35;18:40;08:05
11.02.13;EWR;MUC;01:25;09:10;07:45
09.02.13;MUC;EWR;14:40;23:45;09:05
05.02.13;BOM;MUC;20:15;05:05;08:50
04.02.13;MUC;BOM;10:35;18:20;07:45
02.02.13;MUC;MUC;06:00;09:59;03:59
21.01.13;APA;PUB;18:00;19:00;01:00
21.01.13;PUB;APA;20:30;21:30;01:00
20.01.13;APA;APA;19:30;20:30;01:00
19.01.13;APA;APA;22:00;22:40;00:40
19.11.12;HKG;MUC;15:55;04:20;12:25
16.11.12;MUC;HKG;21:25;08:15;10:50
16.10.12;BOS;MUC;00:40;08:05;07:25
14.10.12;MUC;BOS;13:50;22:50;09:00
12.10.12;BOS;MUC;00:25;07:20;06:55
10.10.12;MUC;BOS;13:50;22:45;08:55
09.10.12;FRA;FRA;13:10;17:09;03:59
03.10.12;PEK;MUC;05:25;15:35;10:10
02.10.12;PEK;MUC;05:25;15:35;10:10
01.10.12;MUC;PEK;18:40;03:00;08:20
25.09.12;PEK;MUC;05:15;15:40;10:25
24.09.12;MUC;PEK;17:50;02:55;09:05
20.09.12;CLT;MUC;21:10;05:05;07:55
19.09.12;MUC;CLT;09:25;19:20;09:55
16.09.12;RUH;FRA;21:10;03:20;06:10
15.09.12;FRA;RUH;12:25;18:15;05:50
11.09.12;SFO;MUC;04:05;14:55;10:50
08.09.12;MUC;SFO;14:05;02:05;12:00
04.09.12;KWI;FRA;21:30;03:20;05:50
03.09.12;FRA;KWI;14:55;20:05;05:10
26.08.12;SIN;MUC;15:20;03:50;12:30
25.08.12;SIN;CGK;09:25;11:30;02:05
25.08.12;CGK;SIN;12:20;14:15;01:55
21.08.12;MUC;SIN;19:40;08:00;12:20
02.08.12;DXB;MUC;03:40;09:45;06:05
31.07.12;MUC;DXB;19:50;01:50;06:00
28.07.12;ORD;MUC;01:55;10:25;08:30
26.07.12;MUC;ORD;14:05;00:00;09:55
22.07.12;BOM;MUC;19:40;03:45;08:05
21.07.12;MUC;BOM;09:30;17:55;08:25
17.07.12;NRT;MUC;03:30;15:30;12:00
14.07.12;MUC;NRT;13:55;01:10;11:15
10.07.12;HKG;MUC;15:30;03:10;11:40
07.07.12;MUC;HKG;20:15;07:40;11:25
12.06.12;SFO;MUC;04:05;15:25;11:20
09.06.12;MUC;SFO;15:10;01:45;10:35
05.06.12;MUC;JFK;09:45;18:25;08:40
05.06.12;JFK;MUC;21:40;05:30;07:50
30.05.12;JFK;MUC;22:00;06:20;08:20
28.05.12;MUC;JFK;09:40;17:45;08:05
24.05.12;DUS;EWR;09:05;18:20;09:15
24.05.12;EWR;DUS;20:35;04:10;07:35
15.05.12;NRT;MUC;03:35;15:35;12:00
12.05.12;MUC;NRT;13:50;00:55;11:05
06.05.12;CLT;MUC;21:00;06:20;09:20
05.05.12;MUC;CLT;09:30;18:50;09:20
30.04.12;LAX;MUC;04:00;15:25;11:25
27.04.12;MUC;LAX;13:45;02:10;12:25
24.04.12;FRA;FRA;05:00;08:59;03:59
14.04.12;JFK;MUC;22:00;05:45;07:45
12.04.12;MUC;JFK;09:45;18:35;08:50
01.04.12;PVG;MUC;15:50;03:40;11:50
29.03.12;MUC;PVG;20:00;06:55;10:55
27.03.12;FRA;FRA;13:10;17:09;03:59
21.03.12;HKG;MUC;15:55;05:00;13:05
20.03.12;MUC;HKG;20:55;07:45;10:50
12.03.12;JFK;MUC;22:30;06:30;08:00
11.03.12;MUC;JFK;10:40;19:15;08:35
07.03.12;JFK;MUC;22:25;06:00;07:35
06.03.12;MUC;JFK;10:45;19:50;09:05
26.02.12;NRT;MUC;04:05;16:00;11:55
23.02.12;MUC;NRT;15:15;02:25;11:10
16.02.12;ICN;MUC;04:25;15:50;11:25
14.02.12;PUS;ICN;01:50;03:00;01:10
13.02.12;ICN;PUS;22:30;23:50;01:20
11.02.12;MUC;ICN;11:15;21:50;10:35
01.02.12;JED;RUH;19:50;21:20;01:30
01.02.12;RUH;MUC;22:20;04:55;06:35
30.01.12;MUC;RUH;11:00;16:05;05:05
30.01.12;RUH;JED;16:40;18:35;01:55
21.01.12;NRT;MUC;04:25;16:20;11:55
17.01.12;MUC;NRT;14:30;02:15;11:45
12.01.12;DEL;MUC;04:10;12:35;08:25
10.01.12;MUC;DEL;18:55;01:55;07:00
08.01.12;YUL;MUC;01:10;08:15;07:05
06.01.12;MUC;YUL;14:45;23:45;09:00
29.12.11;EWR;MUC;01:20;08:35;07:15
27.12.11;MUC;EWR;14:20;00:20;10:00
20.12.11;YYZ;DUS;22:40;05:40;07:00
17.12.11;DUS;YYZ;11:10;19:55;08:45
03.12.11;MUC;BOM;10:25;18:25;08:00
02.12.11;MUC;BOM;10:25;18:25;08:00
02.12.11;BOM;MUC;20:15;04:55;08:40
01.12.11;MUC;TLV;08:50;12:40;03:50
01.12.11;TLV;MUC;13:45;17:45;04:00
25.11.11;NRT;MUC;04:05;16:20;12:15
22.11.11;MUC;NRT;15:10;03:10;12:00
09.11.11;CLT;MUC;22:25;07:20;08:55
08.11.11;MUC;CLT;10:30;20:10;09:40
27.10.11;IAD;MUC;22:45;06:48;08:03
26.10.11;MUC;IAD;09:30;18:45;09:15
23.10.11;YUL;MUC;00:01;07:25;07:24
21.10.11;MUC;YUL;13:50;22:20;08:30
17.10.11;BAH;DMM;20:11;20:46;00:35
17.10.11;DMM;FRA;21:28;03:39;06:11
15.10.11;FRA;DMM;12:00;17:46;05:46
15.10.11;DMM;BAH;18:25;19:05;00:40
02.10.11;SIN;MUC;15:10;03:50;12:40
29.09.11;MUC;SIN;19:50;08:00;12:10
26.09.11;NRT;NRT;03:40;04:05;00:25
26.09.11;NRT;MUC;04:05;16:30;12:25
23.09.11;MUC;NRT;13:45;01:10;11:25
19.09.11;NRT;MUC;03:50;16:00;12:10
16.09.11;MUC;NRT;13:44;01:10;11:26
02.09.11;DXB;MUC;03:35;09:45;06:10
31.08.11;MUC;DXB;19:45;01:45;06:00
27.08.11;SFO;MUC;04:00;15:00;11:00
24.08.11;MUC;SFO;14:15;02:05;11:50
21.08.11;JFK;MUC;21:40;06:35;08:55
20.08.11;MUC;JFK;09:44;18:45;09:01
14.08.11;BOS;MUC;00:05;07:15;07:10
13.08.11;MUC;BOS;13:55;22:17;08:22
07.08.11;DFW;FRA;21:10;07:10;10:00
06.08.11;FRA;DFW;08:35;19:25;10:50
22.07.11;SIN;MUC;14:55;03:20;12:25
19.07.11;MUC;SIN;21:10;09:45;12:35
16.07.11;BOS;MUC;00:35;07:55;07:20
14.07.11;MUC;BOS;14:05;22:35;08:30
10.07.11;DEL;MUC;03:50;11:40;07:50
08.07.11;MUC;DEL;18:35;02:00;07:25
02.07.11;NRT;MUC;03:20;15:10;11:50
30.06.11;MUC;NRT;13:45;01:22;11:37
16.06.11;ICN;MUC;03:25;15:00;11:35
14.06.11;PUS;ICN;00:50;01:50;01:00
13.06.11;ICN;PUS;21:30;22:30;01:00
11.06.11;MUC;ICN;11:10;21:50;10:40
21.05.11;MUC;TLV;07:25;11:05;03:40
21.05.11;TLV;MUC;12:15;16:20;04:05
07.05.11;SIN;MUC;15:09;03:40;12:31
04.05.11;MUC;SIN;19:39;07:50;12:11
01.05.11;MUC;TLV;07:30;11:00;03:30
01.05.11;TLV;MUC;12:38;16:35;03:57
27.04.11;BOS;MUC;00:35;07:50;07:15
25.04.11;MUC;BOS;13:45;22:30;08:45
16.04.11;EWR;MUC;00:25;08:05;07:40
14.04.11;MUC;EWR;13:30;22:55;09:25
07.04.11;SFO;MUC;03:55;14:30;10:35
04.04.11;MUC;SFO;14:10;02:15;12:05
30.03.11;ORD;MUC;01:50;10:25;08:35
28.03.11;MUC;ORD;13:50;23:10;09:20
22.03.11;EWR;MUC;01:30;09:40;08:10
20.03.11;MUC;EWR;14:25;23:15;08:50
11.03.11;ICN;MUC;04:35;16:20;11:45
10.03.11;PUS;ICN;02:00;03:10;01:10
09.03.11;ICN;PUS;22:30;23:35;01:05
06.03.11;MUC;ICN;11:00;21:25;10:25
01.03.11;EWR;MUC;01:45;09:22;07:37
27.02.11;MUC;MUC;14:37;14:50;00:13
27.02.11;MUC;EWR;16:20;01:00;08:40
20.02.11;MAA;FRA;20:25;06:40;10:15
19.02.11;FRA;MAA;09:30;18:05;08:35
21.01.11;JFK;MUC;22:40;06:45;08:05
20.01.11;MUC;JFK;10:43;19:45;09:02
17.01.11;LOS;FRA;21:45;04:00;06:15
16.01.11;FRA;LOS;10:20;17:00;06:40
10.01.11;BAH;DMM;21:10;21:50;00:40
10.01.11;DMM;FRA;22:30;04:40;06:10
09.01.11;FRA;BAH;13:09;18:25;05:16
04.01.11;LAX;MUC;05:12;16:38;11:26
27.12.10;DEL;MUC;04:15;12:30;08:15
26.12.10;MUC;DEL;18:50;02:50;08:00
17.12.10;DEN;FRA;01:20;11:07;09:47
17.12.10;FRA;DEN;12:39;22:58;10:19
13.12.10;EWR;MUC;01:51;09:51;08:00
11.12.10;MUC;EWR;14:45;23:41;08:56
07.12.10;LOS;FRA;21:58;04:12;06:14
06.12.10;FRA;LOS;10:29;16:53;06:24
28.11.10;BOG;FRA;02:45;13:38;10:53
25.11.10;FRA;BOG;12:44;00:30;11:46
19.11.10;SFO;MUC;05:00;16:16;11:16
17.11.10;MUC;SFO;15:00;02:53;11:53
29.10.10;HKG;MUC;18:38;06:50;12:12
26.10.10;MUC;HKG;20:07;07:11;11:04
27.08.10;KJA;FRA;14:25;21:35;07:10
26.08.10;KIX;KJA;14:30;19:50;05:20
24.08.10;KJA;NRT;05:30;11:10;05:40
24.08.10;NRT;KIX;12:40;14:00;01:20
21.08.10;KIX;KJA;14:30;19:50;05:20
03.08.10;KJA;FRA;23:30;06:25;06:55
02.08.10;PVG;KJA;23:55;05:05;05:10
31.07.10;KJA;PVG;16:40;21:15;04:35
30.07.10;FRA;KJA;08:50;15:20;06:30
26.07.10;DKR;FRA;14:35;20:45;06:10
24.07.10;EZE;DKR;20:00;04:35;08:35
21.07.10;VCP;EZE;05:25;08:10;02:45
19.07.10;DKR;VCP;20:40;03:05;06:25
18.07.10;FRA;DKR;21:40;03:30;05:50
05.07.10;SHJ;FRA;04:05;10:20;06:15
03.07.10;BOM;HYD;04:00;05:25;01:25
03.07.10;HYD;SHJ;07:20;10:35;03:15
01.07.10;FRA;BOM;01:45;09:40;07:55
12.06.10;KJA;FRA;07:45;15:05;07:20
11.06.10;CAN;KJA;06:20;12:00;05:40
09.06.10;DEL;CAN;22:00;03:10;05:10
08.06.10;FRA;DEL;22:40;06:30;07:50
30.05.10;JFK;FRA;18:55;02:10;07:15
29.05.10;FRA;JFK;01:40;09:25;07:45
25.05.10;SHJ;FRA;11:40;18:15;06:35
24.05.10;MAA;SHJ;23:15;03:05;03:50
23.05.10;BLR;MAA;20:10;21:10;01:00
21.05.10;FRA;BLR;13:40;22:25;08:45
12.05.10;ATL;FRA;13:40;22:40;09:00
08.05.10;FRA;ATL;21:50;07:55;10:05
28.04.10;HKG;XMN;22:55;00:05;01:10
24.04.10;XMN;HKG;00:00;01:30;01:30
21.04.10;BOM;XMN;08:05;14:10;06:05
10.04.10;ORD;FRA;11:50;19:35;07:45
09.04.10;FRA;ORD;00:05;09:00;08:55
02.04.10;FRA;RUH;03:25;09:00;05:35
26.03.10;DFW;FRA;11:55;21:40;09:45
25.03.10;GDL;DFW;01:00;03:10;02:10
24.03.10;DFW;GDL;18:55;21:40;02:45
22.03.10;FRA;DFW;19:05;05:45;10:40
17.03.10;PVG;KJA;01:35;07:30;05:55
17.03.10;KJA;FRA;21:40;05:05;07:25
14.03.10;KJA;PVG;18:05;22:50;04:45
13.03.10;FRA;KJA;14:10;20:40;06:30
09.03.10;JFK;FRA;19:20;04:45;09:25
07.03.10;FRA;JFK;07:55;15:45;07:50
26.02.10;DFW;FRA;12:05;21:50;09:45
25.02.10;GDL;DFW;01:40;04:10;02:30
24.02.10;DFW;GDL;21:05;22:40;01:35
20.02.10;FRA;DFW;22:20;08:50;10:30
11.02.10;ALA;FRA;05:05;11:55;06:50
10.02.10;HKG;ALA;01:00;07:30;06:30
09.02.10;SHJ;HKG;01:00;07:40;06:40
04.02.10;BAH;SHJ;15:05;16:15;01:10
23.01.10;ORD;FRA;12:45;21:00;08:15
22.01.10;LAX;ORD;09:05;12:40;03:35
16.01.10;FRA;LAX;17:35;05:35;12:00
11.01.10;KJA;FRA;14:10;21:00;06:50
09.01.10;KIX;KJA;14:25;20:40;06:15
19.12.09;ALA;FRA;07:50;14:45;06:55
18.12.09;HKG;ALA;01:25;08:30;07:05
16.12.09;SHJ;BKK;08:10;13:40;05:30
16.12.09;BKK;HKG;15:45;18:45;03:00
15.12.09;FRA;JED;05:15;10:40;05:25
15.12.09;JED;SHJ;11:45;14:20;02:35
19.11.09;ORD;FRA;14:05;22:45;08:40
18.11.09;FRA;ORD;00:35;09:45;09:10
14.11.09;JFK;FRA;14:05;21:35;07:30
13.11.09;FRA;JFK;01:40;09:50;08:10
04.11.09;KJA;FRA;04:30;11:50;07:20
03.11.09;PVG;KJA;01:45;07:30;05:45
01.11.09;KJA;PVG;18:10;22:55;04:45
30.10.09;GOT;KJA;22:50;04:45;05:55
22.10.09;ALA;FRA;03:45;10:30;06:45
20.10.09;HKG;ALA;19:50;02:20;06:30
18.10.09;BOM;HKG;11:35;16:55;05:20
13.10.09;FRA;RUH;00:35;05:50;05:15
13.10.09;RUH;BOM;09:05;12:55;03:50
05.10.09;ALA;FRA;03:45;10:40;06:55
04.10.09;HKG;ALA;01:25;08:05;06:40
02.10.09;BOM;BKK;15:10;19:45;04:35
02.10.09;BKK;HKG;21:00;23:40;02:40
01.10.09;FRA;BOM;07:25;15:00;07:35
28.09.09;FRA;AMS;15:10;16:25;01:15
28.09.09;AMS;FRA;19:15;20:25;01:10
23.09.09;ORD;FRA;11:50;19:40;07:50
20.09.09;SEA;LAX;01:50;04:15;02:25
20.09.09;LAX;ORD;06:45;10:35;03:50
17.09.09;FRA;SEA;13:50;00:20;10:30
06.09.09;FRA;DEL;05:05;12:45;07:40
03.09.09;SHJ;FRA;04:00;10:45;06:45
01.09.09;HYD;HYD;23:45;00:15;00:30
01.09.09;HYD;SHJ;04:05;07:30;03:25
31.08.09;BOM;HYD;19:55;21:10;01:15
30.08.09;FRA;BOM;01:30;09:30;08:00
26.08.09;NBO;FRA;20:35;04:30;07:55
25.08.09;JNB;NBO;14:30;18:15;03:45
24.08.09;NBO;JNB;08:45;12:55;04:10
23.08.09;FRA;NBO;23:50;07:25;07:35
12.08.09;KJA;FRA;07:25;14:20;06:55
10.08.09;CAN;KJA;06:25;12:10;05:45
07.08.09;DEL;CAN;22:25;03:35;05:10
04.08.09;FRA;DEL;13:50;20:55;07:05
29.07.09;KJA;FRA;15:15;22:05;06:50
27.07.09;NRT;KJA;12:55;18:35;05:40
24.07.09;SVO;NRT;00:20;09:35;09:15
21.07.09;FRA;SVO;18:50;21:35;02:45
13.07.09;KJA;FRA;08:25;15:00;06:35
11.07.09;KIX;KJA;13:35;19:15;05:40
09.07.09;KJA;KIX;05:05;10:15;05:10
07.07.09;FRA;KJA;09:30;15:55;06:25
01.07.09;ILN;EMA;10:30;17:55;07:25
29.06.09;EMA;ILN;20:55;04:25;07:30
27.06.09;ILN;EMA;14:00;21:20;07:20
25.06.09;EMA;ILN;21:00;04:55;07:55
24.06.09;EMA;LEJ;23:00;00:40;01:40
24.06.09;LEJ;EMA;17:00;18:45;01:45
07.06.09;NQZ;FRA;09:45;15:35;05:50
05.06.09;CAN;NQZ;05:30;12:20;06:50
03.06.09;DEL;CAN;11:55;17:00;05:05
02.06.09;FRA;DEL;13:35;21:05;07:30
26.05.09;JFK;LEJ;13:25;20:50;07:25
23.05.09;LEJ;JFK;01:20;09:55;08:35
25.04.09;DEL;FRA;10:35;19:05;08:30
24.04.09;SIN;DEL;00:15;05:55;05:40
22.04.09;BAH;SIN;19:05;02:50;07:45
21.04.09;LEJ;BAH;04:40;09:50;05:10
13.04.09;NQZ;FRA;08:25;14:10;05:45
11.04.09;KIX;NQZ;13:40;21:40;08:00
09.04.09;NQZ;KIX;03:50;10:50;07:00
07.04.09;FRA;NQZ;09:10;14:30;05:20
23.03.09;NBO;FRA;21:50;06:05;08:15
22.03.09;NBO;JNB;13:15;17:15;04:00
22.03.09;JNB;NBO;18:55;22:45;03:50
18.03.09;FRA;NBO;00:45;08:10;07:25
13.03.09;SHJ;LEJ;08:20;14:40;06:20
11.03.09;HKG;SHJ;20:00;04:20;08:20
10.03.09;SHJ;HKG;13:50;20:50;07:00
09.03.09;FRA;KWI;02:25;07:30;05:05
09.03.09;KWI;SHJ;08:25;09:50;01:25
01.03.09;PVG;NQZ;01:40;09:20;07:40
27.02.09;NQZ;PVG;16:35;23:15;06:40
25.02.09;FRA;NQZ;21:20;02:50;05:30
17.02.09;ALA;FRA;05:25;11:50;06:25
16.02.09;HKG;ALA;00:55;07:30;06:35
12.02.09;LEJ;BAH;05:25;10:50;05:25
12.02.09;BAH;HKG;11:50;19:30;07:40
11.02.09;EMA;LEJ;01:55;04:00;02:05
11.01.09;SHJ;FRA;04:40;11:25;06:45
08.01.09;MAA;SHJ;23:40;03:55;04:15
07.01.09;BLR;MAA;21:10;22:05;00:55
05.01.09;FRA;BLR;13:30;21:55;08:25
23.12.08;FRA;RUH;02:40;08:00;05:20
11.11.08;NQZ;PEK;14:50;20:05;05:15
03.11.08;ALA;FRA;04:35;11:35;07:00
31.10.08;HKG;ALA;01:05;07:30;06:25
28.10.08;LEJ;HKG;05:50;16:50;11:00
22.10.08;NQZ;FRA;02:56;08:53;05:57
20.10.08;FRA;GOT;17:42;19:15;01:33
20.10.08;GOT;NQZ;20:52;01:35;04:43
17.10.08;DFW;FRA;17:15;02:15;09:00
13.10.08;ATL;FRA;11:40;20:30;08:50
12.10.08;YYZ;ATL;07:55;09:50;01:55
08.10.08;ATL;YYZ;07:55;10:05;02:10
06.10.08;FRA;ATL;04:10;13:35;09:25
05.10.08;ISL;FRA;00:20;03:00;02:40
30.08.08;HKG;NQZ;22:00;02:35;04:35
30.08.08;NQZ;FRA;20:25;02:20;05:55
28.08.08;LEJ;HKG;04:30;15:05;10:35
19.08.08;NBO;FRA;21:35;05:20;07:45
18.08.08;FRA;NBO;23:45;07:30;07:45
18.08.08;NBO;JNB;08:25;12:20;03:55
18.08.08;JNB;NBO;14:25;18:30;04:05
12.08.08;NQZ;FRA;08:30;14:35;06:05
11.08.08;CAN;NQZ;06:20;12:35;06:15
05.08.08;DEL;CAN;21:55;03:15;05:20
03.08.08;FRA;DEL;13:20;20:35;07:15
26.06.08;DEL;LEJ;07:10;14:55;07:45
25.06.08;SIN;DEL;00:00;05:25;05:25
23.06.08;BAH;SIN;11:45;20:00;08:15
21.06.08;LEJ;BAH;04:45;10:00;05:15
15.06.08;ALA;FRA;03:45;10:30;06:45
11.06.08;HKG;ALA;19:40;02:20;06:40
10.06.08;LEJ;HKG;04:25;15:05;10:40
01.06.08;ALA;ALA;12:25;12:45;00:20
01.06.08;ALA;PVG;13:15;19:15;06:00
30.05.08;NRT;ALA;12:55;21:00;08:05
28.05.08;ALA;NRT;03:00;09:50;06:50
26.05.08;FRA;ALA;20:55;03:10;06:15
19.05.08;DFW;FRA;11:25;21:00;09:35
17.05.08;FRA;ORD;16:00;01:00;09:00
09.05.08;ALA;FRA;08:10;14:45;06:35
08.05.08;KIX;ALA;12:55;20:15;07:20
26.04.08;ALA;FRA;04:05;10:55;06:50
25.04.08;HKG;ALA;00:20;06:50;06:30
23.04.08;ALA;HKG;11:40;17:30;05:50
22.04.08;KIX;ALA;13:20;20:25;07:05
19.04.08;NQZ;KIX;03:15;10:10;06:55
17.04.08;FRA;NQZ;09:15;14:45;05:30
31.03.08;NQZ;FRA;04:50;10:35;05:45
29.03.08;PVG;NQZ;04:35;11:45;07:10
27.03.08;NQZ;PVG;18:50;01:05;06:15
26.03.08;FRA;NQZ;10:30;15:55;05:25
22.03.08;NQZ;FRA;09:35;15:35;06:00
21.03.08;CAN;NQZ;06:45;13:40;06:55
19.03.08;DEL;CAN;05:05;09:50;04:45
16.03.08;FRA;DEL;16:30;23:30;07:00
10.03.08;DFW;FRA;12:20;21:15;08:55
08.03.08;FRA;ORD;16:25;01:40;09:15
02.03.08;ORD;FRA;05:20;13:25;08:05
28.02.08;FRA;DFW;15:10;02:10;11:00
23.02.08;ALA;FRA;22:05;05:20;07:15
21.02.08;HKG;ALA;20:30;03:05;06:35
20.02.08;SHJ;CCU;08:45;12:45;04:00
20.02.08;CCU;HKG;14:35;17:55;03:20
17.02.08;FRA;SHJ;00:50;05:50;05:00
03.02.08;EMA;FRA;01:40;03:10;01:30
01.02.08;ILN;EMA;13:10;20:00;06:50
30.01.08;EMA;ILN;20:00;06:30;10:30
29.01.08;LEJ;EMA;18:00;19:50;01:50
20.01.08;ALA;FRA;09:25;17:20;07:55
19.01.08;ICN;ALA;12:50;19:15;06:25
17.01.08;ALA;ICN;06:15;11:40;05:25
15.01.08;FRA;ALA;19:35;02:30;06:55
11.01.08;ALA;NRT;03:35;10:35;07:00
08.01.08;HKG;ALA;20:30;03:20;06:50
07.01.08;SHJ;HKG;11:25;18:10;06:45
29.12.07;DKR;FRA;17:20;23:25;06:05
26.12.07;EZE;DKR;12:05;20:20;08:15
23.12.07;VCP;EZE;09:50;12:40;02:50
22.12.07;DKR;VCP;01:15;07:40;06:25
20.12.07;FRA;DKR;17:45;23:55;06:10
14.12.07;ATL;FRA;12:45;20:50;08:05
13.12.07;FRA;ATL;01:00;10:45;09:45
06.12.07;ATL;FRA;12:55;20:40;07:45
03.12.07;FRA;ATL;02:35;12:50;10:15
29.11.07;EMA;LEJ;01:20;03:15;01:55
27.11.07;ILN;EMA;11:20;18:00;06:40
24.11.07;EMA;ILN;05:35;14:00;08:25
22.11.07;LEJ;EMA;18:05;19:55;01:50
17.11.07;FRA;CAI;07:30;11:30;04:00
14.11.07;NQZ;FRA;10:50;16:45;05:55
12.11.07;FRA;GOT;18:40;20:25;01:45
12.11.07;GOT;NQZ;22:10;03:15;05:05
01.11.07;ALA;FRA;04:40;11:15;06:35
30.10.07;HKG;ALA;20:20;02:55;06:35
29.10.07;SHJ;HKG;12:15;19:25;07:10
27.10.07;HKG;SHJ;22:10;06:10;08:00
25.10.07;SHJ;HKG;11:05;18:05;07:00
14.10.07;ORD;FRA;12:25;20:20;07:55
13.10.07;FRA;ORD;02:15;11:20;09:05
10.10.07;EMA;CGN;00:40;02:00;01:20
08.10.07;ATH;LCA;09:40;11:14;01:34
08.10.07;LCA;EMA;13:10;18:05;04:55
02.10.07;DKR;FRA;16:20;22:05;05:45
01.10.07;VCP;DKR;08:45;15:20;06:35
30.09.07;DKR;VCP;23:45;06:15;06:30
28.09.07;FRA;DKR;17:05;23:00;05:55
24.09.07;NQZ;FRA;14:05;19:35;05:30
23.09.07;ICN;NQZ;12:40;19:20;06:40
22.09.07;NQZ;ICN;04:50;10:40;05:50
20.09.07;CGN;NQZ;18:50;00:05;05:15
03.09.07;ALA;FRA;04:15;11:05;06:50
01.09.07;HKG;ALA;19:40;02:00;06:20
30.08.07;SHJ;HKG;09:55;17:45;07:50
28.08.07;FRA;KWI;00:50;06:10;05:20
28.08.07;KWI;SHJ;07:45;09:30;01:45
23.08.07;PVG;NQZ;14:35;21:15;06:40
20.08.07;NQZ;PVG;15:35;21:50;06:15
18.08.07;FRA;NQZ;21:45;03:30;05:45
10.08.07;ALA;FRA;04:35;11:00;06:25
07.08.07;HKG;ALA;21:30;03:55;06:25
06.08.07;SHJ;HKG;08:00;15:25;07:25
04.08.07;FRA;JED;05:15;10:20;05:05
04.08.07;JED;SHJ;11:35;14:10;02:35
31.07.07;SHJ;CGN;08:40;15:10;06:30
30.07.07;HKG;SHJ;00:15;07:35;07:20
29.07.07;SHJ;HKG;17:20;01:00;07:40
28.07.07;MAA;SHJ;23:15;02:55;03:40
27.07.07;BLR;MAA;20:25;21:20;00:55
25.07.07;FRA;BLR;09:10;17:50;08:40
21.07.07;ORD;FRA;11:30;19:20;07:50
19.07.07;FRA;ORD;08:05;17:10;09:05
01.07.07;ORD;LAX;23:55;03:55;04:00
29.06.07;FRA;ORD;07:55;16:45;08:50
24.06.07;DFW;FRA;11:30;21:20;09:50
22.06.07;FRA;DFW;22:40;08:25;09:45
05.06.07;DKR;FRA;15:50;21:35;05:45
04.06.07;VCP;DKR;08:30;14:45;06:15
03.06.07;DKR;VCP;23:30;06:05;06:35
01.06.07;FRA;DKR;17:25;23:15;05:50
23.05.07;DEL;CGN;07:25;15:30;08:05
22.05.07;SIN;DEL;00:15;05:35;05:20
19.05.07;BAH;SIN;14:10;22:10;08:00
18.05.07;CGN;BAH;04:10;10:00;05:50
14.05.07;ALA;FRA;04:15;11:15;07:00
13.05.07;FRA;ALA;07:30;14:00;06:30
08.05.07;NQZ;FRA;20:30;02:30;06:00
06.05.07;ICN;NQZ;12:20;19:25;07:05
05.05.07;NQZ;ICN;04:05;10:05;06:00
03.05.07;FRA;NQZ;22:00;03:20;05:20
29.04.07;NQZ;FRA;09:35;14:35;05:00
28.04.07;ICN;NQZ;12:10;18:55;06:45
27.04.07;NQZ;ICN;02:10;08:10;06:00
25.04.07;FRA;NQZ;17:25;23:05;05:40
16.04.07;SHJ;FRA;09:05;15:35;06:30
15.04.07;MAA;SHJ;23:05;03:00;03:55
14.04.07;BLR;MAA;20:25;21:10;00:45
13.04.07;FRA;BLR;09:40;18:50;09:10
05.04.07;FRA;DEL;13:00;20:20;07:20
01.04.07;ORD;FRA;12:25;20:50;08:25
27.03.07;NBO;FRA;20:50;05:00;08:10
26.03.07;NBO;JNB;08:40;12:45;04:05
26.03.07;JNB;NBO;15:05;18:55;03:50
25.03.07;FRA;NBO;00:50;08:15;07:25
21.03.07;SHJ;FRA;06:20;12:45;06:25
18.03.07;BKK;SHJ;21:35;04:10;06:35
17.03.07;BOM;BKK;16:00;20:00;04:00
16.03.07;FRA;BOM;06:00;13:55;07:55
28.01.07;ORD;FRA;13:15;21:20;08:05
27.01.07;FRA;ORD;15:10;00:10;09:00
22.01.07;SIN;PEN;00:15;01:35;01:20
20.01.07;BAH;SIN;12:05;19:30;07:25
19.01.07;CGN;BAH;06:25;11:50;05:25
13.01.07;FRA;ORD;15:00;00:45;09:45
19.12.06;CAI;FRA;02:50;06:50;04:00
18.12.06;NBO;CAI;21:55;00:15;02:20
17.12.06;NBO;JNB;09:30;13:25;03:55
17.12.06;JNB;NBO;16:30;20:15;03:45
16.12.06;FRA;NBO;02:05;09:35;07:30
10.12.06;SHJ;FRA;04:25;11:45;07:20
08.12.06;HKG;SHJ;22:15;07:00;08:45
06.12.06;CGN;HKG;04:55;16:00;11:05
18.11.06;BGY;CGN;23:45;01:00;01:15
17.11.06;CGN;BGY;19:15;20:35;01:20
12.11.06;NQZ;FRA;21:15;03:10;05:55
11.11.06;PVG;NQZ;01:30;08:35;07:05
08.11.06;NQZ;PVG;16:45;22:55;06:10
06.11.06;FRA;NQZ;22:45;04:20;05:35
03.11.06;DFW;FRA;12:15;21:25;09:10
29.10.06;FRA;DFW;22:00;08:40;10:40
23.10.06;NQZ;FRA;08:25;14:25;06:00
22.10.06;NGO;NQZ;05:15;13:10;07:55
21.10.06;NQZ;KIX;00:25;07:15;06:50
19.10.06;ICN;NQZ;13:30;20:20;06:50
17.10.06;NQZ;ICN;04:55;10:45;05:50
16.10.06;FRA;NQZ;00:50;06:40;05:50
21.09.06;FRA;DEL;13:05;20:30;07:25
16.09.06;SHJ;FRA;03:40;10:05;06:25
13.09.06;BKK;CCU;21:50;03:35;05:45
12.09.06;CCU;BKK;18:15;20:35;02:20
10.09.06;FRA;CCU;05:20;14:00;08:40
03.09.06;BKK;SHJ;20:35;02:40;06:05
02.09.06;BOM;BKK;15:35;19:40;04:05
01.09.06;FRA;BOM;12:20;20:10;07:50
29.08.06;DEL;CGN;10:25;18:20;07:55
27.08.06;FRA;FRA;13:20;13:45;00:25
27.08.06;FRA;DEL;16:20;23:45;07:25
24.08.06;NQZ;FRA;22:35;04:15;05:40
20.08.06;ICN;NQZ;13:25;20:05;06:40
19.08.06;NQZ;ICN;04:45;10:40;05:55
18.08.06;FRA;NQZ;01:20;06:35;05:15
09.08.06;DEL;CGN;09:20;17:25;08:05
08.08.06;SIN;DEL;00:20;05:40;05:20
06.08.06;SHJ;SIN;14:40;21:55;07:15
27.07.06;ICN;TAS;13:25;19:55;06:30
25.07.06;TAS;ICN;05:15;11:20;06:05
22.07.06;FRA;TAS;21:35;02:55;05:20
14.07.06;NQZ;FRA;22:45;04:20;05:35
12.07.06;NRT;NQZ;12:50;20:55;08:05
10.07.06;NQZ;NRT;02:30;09:30;07:00
08.07.06;FRA;NQZ;10:50;16:20;05:30
19.06.06;TAS;FRA;09:00;15:05;06:05
18.06.06;PVG;TAS;00:20;07:40;07:20
16.06.06;NQZ;PVG;07:20;13:35;06:15
15.06.06;FRA;NQZ;08:45;14:20;05:35
10.06.06;DKR;FRA;20:10;02:10;06:00
09.06.06;VCP;DKR;12:40;19:15;06:35
08.06.06;DKR;VCP;05:30;12:05;06:35
04.06.06;FRA;DKR;20:20;02:10;05:50
01.06.06;EMA;CGN;00:30;01:55;01:25
30.05.06;ILN;EMA;16:05;23:10;07:05
27.05.06;BGY;EMA;22:15;00:05;01:50
27.05.06;EMA;ILN;04:25;12:35;08:10
25.05.06;CGN;BGY;18:00;19:15;01:15
18.05.06;FRA;DEL;13:15;20:25;07:10
13.05.06;TAS;FRA;21:45;04:15;06:30
12.05.06;PVG;TAS;02:15;08:55;06:40
10.05.06;ALA;PVG;16:00;20:00;04:00
09.05.06;FRA;FRA;08:50;10:55;02:05
09.05.06;FRA;ALA;14:10;20:40;06:30
25.04.06;FRA;OSL;16:35;18:25;01:50
19.04.06;SHJ;CGN;08:50;15:30;06:40
17.04.06;HKG;SHJ;19:35;03:30;07:55
14.04.06;BAH;HKG;11:35;19:00;07:25
13.04.06;CGN;BAH;04:10;09:40;05:30
08.04.06;ORD;FRA;11:35;19:20;07:45
07.04.06;FRA;ORD;10:35;20:25;09:50
17.03.06;TAS;FRA;15:30;21:55;06:25
15.03.06;CAN;TAS;06:55;14:10;07:15
13.03.06;DEL;CAN;00:10;04:30;04:20
11.03.06;FRA;DEL;14:55;22:20;07:25
05.03.06;SHJ;FRA;09:35;16:20;06:45
03.03.06;HKG;SHJ;22:40;07:20;08:40
02.03.06;CGN;HKG;04:55;16:55;12:00
23.02.06;SHJ;CGN;09:40;16:25;06:45
19.02.06;MAA;SHJ;23:40;03:25;03:45
18.02.06;BLR;MAA;21:20;22:30;01:10
17.02.06;FRA;BLR;10:25;18:50;08:25
11.02.06;DEL;FRA;04:30;12:45;08:15
08.02.06;SVO;DEL;23:55;05:35;05:40
05.02.06;FRA;SVO;06:40;09:45;03:05
24.01.06;ALA;FRA;22:00;04:50;06:50
23.01.06;NGO;ALA;15:10;23:20;08:10
22.01.06;ALA;NGO;19:35;02:25;06:50
18.01.06;GOT;ALA;17:55;23:35;05:40
14.01.06;FRA;ATH;04:20;07:00;02:40
30.12.05;DEL;CGN;08:05;16:30;08:25
29.12.05;SIN;DEL;00:15;05:55;05:40
27.12.05;BAH;SIN;12:25;20:00;07:35
24.12.05;CGN;BAH;05:00;10:40;05:40
20.12.05;DEL;FRA;06:25;14:30;08:05
18.12.05;FRA;DEL;14:55;22:20;07:25
14.12.05;NBO;FRA;21:40;05:40;08:00
13.12.05;NBO;JNB;09:40;13:30;03:50
13.12.05;JNB;NBO;15:20;19:15;03:55
12.12.05;FRA;NBO;00:45;08:20;07:35
20.11.05;BGY;CGN;23:25;00:45;01:20
18.11.05;CGN;BGY;19:00;20:15;01:15
11.11.05;FAI;FRA;20:25;05:10;08:45
09.11.05;NRT;FAI;12:45;19:30;06:45
07.11.05;FAI;NRT;02:15;10:00;07:45
03.11.05;FRA;FAI;16:30;01:05;08:35
30.10.05;ORD;FRA;12:35;20:50;08:15
29.10.05;FRA;ORD;00:10;08:40;08:30
23.10.05;ALA;FRA;13:40;20:50;07:10
22.10.05;KIX;ALA;13:15;20:05;06:50
20.10.05;ALA;KIX;23:35;05:50;06:15
19.10.05;OSL;ALA;22:05;03:55;05:50
17.10.05;FRA;GOT;17:20;18:50;01:30
05.10.05;OSL;ALA;21:00;02:55;05:55
03.10.05;FRA;GOT;12:55;14:35;01:40
29.09.05;DKR;FRA;08:10;15:15;07:05
27.09.05;VCP;DKR;01:35;07:55;06:20
26.09.05;EZE;VCP;04:55;06:30;01:35
23.09.05;VCP;EZE;22:30;01:05;02:35
21.09.05;DKR;VCP;17:35;00:15;06:40
19.09.05;FRA;DKR;16:40;22:45;06:05
14.09.05;DEL;CGN;10:25;18:30;08:05
13.09.05;SIN;DEL;00:35;06:05;05:30
11.09.05;SHJ;SIN;14:35;21:40;07:05
10.09.05;FRA;SHJ;05:00;10:40;05:40
04.09.05;FRA;SVO;05:50;08:40;02:50
31.08.05;TAS;FRA;03:15;09:45;06:30
28.08.05;PVG;TAS;09:35;17:45;08:10
27.08.05;TAS;PVG;01:20;07:30;06:10
25.08.05;FRA;TAS;18:30;23:50;05:20
20.08.05;SHJ;FRA;07:05;13:10;06:05
18.08.05;MAA;SHJ;22:30;02:05;03:35
17.08.05;BLR;MAA;20:35;21:30;00:55
16.08.05;SHJ;BLR;12:55;16:45;03:50
14.08.05;MAA;SHJ;22:50;02:25;03:35
13.08.05;BLR;MAA;20:35;21:30;00:55
12.08.05;FRA;BLR;09:05;17:50;08:45
01.08.05;TAS;FRA;21:45;04:05;06:20
31.07.05;PVG;TAS;10:55;18:20;07:25
30.07.05;TAS;SHA;01:15;08:30;07:15
30.07.05;SHA;PVG;12:10;13:55;01:45
28.07.05;FRA;TAS;17:50;23:20;05:30
21.07.05;CVG;EMA;13:25;20:45;07:20
20.07.05;EMA;CVG;03:55;11:55;08:00
19.07.05;FRA;EMA;00:15;01:40;01:25
15.07.05;CGN;BGY;17:50;19:10;01:20
15.07.05;BGY;CGN;21:50;23:25;01:35
04.06.05;FAI;GOT;19:55;03:50;07:55
03.06.05;NRT;FAI;12:35;22:25;09:50
01.06.05;FAI;NRT;01:55;09:10;07:15
30.05.05;GOT;FAI;16:10;23:45;07:35
21.05.05;DEL;FRA;14:55;23:45;08:50
20.05.05;BAH;DEL;11:30;14:55;03:25
19.05.05;CGN;BAH;04:55;05:40;00:45
09.05.05;SHJ;FRA;08:15;14:50;06:35
07.05.05;BLR;MAA;20:25;21:10;00:45
07.05.05;MAA;SHJ;21:50;03:35;05:45
06.05.05;FRA;BLR;09:00;17:25;08:25
28.04.05;DEL;CGN;07:25;18:05;10:40
27.04.05;SIN;DEL;00:35;06:15;05:40
25.04.05;BAH;SIN;11:35;18:45;07:10
23.04.05;CGN;BAH;04:20;10:05;05:45
06.04.05;SHJ;CGN;09:35;15:20;05:45
04.04.05;HKG;SHJ;20:10;04:20;08:10
31.03.05;EMA;CGN;00:40;01:50;01:10
31.03.05;CGN;FRA;17:35;18:15;00:40
29.03.05;CVG;EMA;13:20;20:30;07:10
26.03.05;EMA;CVG;05:25;13:25;08:00
25.03.05;CGN;BGY;18:40;20:05;01:25
25.03.05;BGY;EMA;22:55;00:50;01:55
18.03.05;FAI;CGN;20:25;04:30;08:05
17.03.05;KIX;FAI;12:40;19:35;06:55
16.03.05;FAI;KIX;01:50;10:10;08:20
13.03.05;FRA;FAI;16:30;01:45;09:15
03.03.05;JNB;NBO;21:55;01:50;03:55
27.02.05;FRA;GOT;14:50;16:30;01:40
18.02.05;SHJ;FRA;23:25;05:50;06:25
16.02.05;BKK;SHJ;00:25;07:20;06:55
14.02.05;MEL;BKK;12:10;21:05;08:55
13.02.05;AKL;MEL;12:25;16:25;04:00
07.02.05;HNL;AKL;19:15;03:35;08:20
06.02.05;ORD;HNL;09:55;18:30;08:35
05.02.05;FRA;ORD;00:45;10:15;09:30
29.01.05;TAS;FRA;15:05;21:05;06:00
28.01.05;PVG;TAS;15:45;22:40;06:55
16.01.05;DEL;FRA;07:35;16:05;08:30
14.01.05;FRA;DEL;15:15;22:40;07:25
09.01.05;TAS;FRA;23:30;06:30;07:00
07.01.05;FRA;TAS;21:50;03:30;05:40
25.12.04;DEL;FRA;06:45;15:25;08:40
23.12.04;BAH;DEL;12:20;15:35;03:15
22.12.04;CGN;CGN;05:25;05:40;00:15
22.12.04;CGN;BAH;06:55;12:20;05:25
19.12.04;EMA;FRA;01:50;03:10;01:20
17.12.04;CVG;EMA;14:45;21:40;06:55
16.12.04;BGY;EMA;23:00;00:50;01:50
16.12.04;EMA;CVG;04:45;13:30;08:45
14.12.04;CGN;BGY;18:55;20:15;01:20
18.11.04;DEL;CGN;07:40;16:20;08:40
17.11.04;SIN;DEL;00:30;06:10;05:40
15.11.04;BAH;SIN;18:00;01:30;07:30
13.11.04;CGN;BAH;05:00;10:45;05:45
02.11.04;EMA;CGN;01:40;03:05;01:25
01.11.04;FRA;EMA;21:50;23:20;01:30
31.10.04;FRA;FRA;21:59;00:45;02:46
26.10.04;SHJ;FRA;08:25;14:40;06:15
25.10.04;BKK;SHJ;00:20;06:25;06:05
23.10.04;MEL;BKK;10:10;19:40;09:30
19.10.04;AKL;MEL;04:50;08:45;03:55
17.10.04;HNL;AKL;17:35;01:55;08:20
15.10.04;ORD;HNL;08:45;17:10;08:25
24.09.04;FAI;GOT;20:15;03:40;07:25
23.09.04;KIX;FAI;11:55;19:05;07:10
20.09.04;FAI;KIX;11:55;20:30;08:35
17.09.04;GOT;FAI;16:30;00:15;07:45
16.09.04;FRA;GOT;12:35;14:20;01:45
06.09.04;SHJ;CGN;10:30;16:40;06:10
03.09.04;HKG;SHJ;15:15;22:25;07:10
02.09.04;CGN;HKG;04:05;15:10;11:05
24.08.04;DEL;CGN;07:35;16:00;08:25
23.08.04;BLR;BOM;05:45;07:20;01:35
21.08.04;FRA;BLR;09:10;17:55;08:45
16.08.04;SHJ;FRA;06:50;13:10;06:20
15.08.04;PEN;SHJ;00:50;06:55;06:05
12.08.04;BKK;PEN;20:50;22:25;01:35
11.08.04;KUL;BKK;19:55;21:50;01:55
08.08.04;FRA;KUL;04:50;16:10;11:20
04.08.04;NBO;FRA;20:20;06:10;09:50
02.08.04;NBO;JNB;08:20;12:15;03:55
02.08.04;JNB;NBO;14:15;18:10;03:55
01.08.04;FRA;NBO;23:45;07:35;07:50
27.07.04;CVG;EMA;13:35;20:45;07:10
24.07.04;EMA;CVG;04:15;12:30;08:15
22.07.04;CGN;BGY;17:30;18:50;01:20
22.07.04;BGY;EMA;21:55;23:50;01:55
06.07.04;CVG;EMA;13:20;21:50;08:30
03.07.04;EMA;CVG;04:20;12:20;08:00
02.07.04;BGY;EMA;21:45;23:45;02:00
01.07.04;CGN;BGY;17:35;19:00;01:25
13.06.04;EMA;FRA;00:40;02:10;01:30
11.06.04;CVG;EMA;13:10;20:05;06:55
10.06.04;EMA;CVG;03:40;11:25;07:45
09.06.04;BGY;EMA;22:05;00:10;02:05
08.06.04;CGN;BGY;17:25;18:45;01:20
02.06.04;TAS;FRA;23:40;06:15;06:35
01.06.04;ICN;TAS;03:10;10:25;07:15
29.05.04;TAS;ICN;04:45;10:31;05:46
26.05.04;FRA;TAS;21:34;03:39;06:05
17.05.04;KUL;MEL;22:40;05:50;07:10
17.05.04;MEL;BKK;10:25;19:35;09:10
14.05.04;BAH;KUL;11:00;18:25;07:25
13.05.04;CGN;BAH;04:35;10:10;05:35
05.05.04;SHJ;FRA;07:00;13:15;06:15
03.05.04;CCU;BOM;00:55;03:40;02:45
03.05.04;BOM;SHJ;05:35;08:25;02:50
30.04.04;CGN;CCU;13:25;22:15;08:50
26.04.04;ORD;FRA;14:20;22:30;08:10
25.04.04;ATL;ORD;03:20;05:10;01:50
22.04.04;FRA;ORD;20:15;05:35;09:20
18.04.04;FRA;MAA;17:40;02:40;09:00
20.03.04;TAS;FRA;22:40;05:35;06:55
18.03.04;ICN;TAS;13:40;21:40;08:00
16.03.04;TAS;ICN;05:10;11:10;06:00
14.03.04;FRA;TAS;21:45;03:55;06:10
03.03.04;NBO;FRA;21:20;05:15;07:55
02.03.04;NBO;JNB;09:40;13:50;04:10
02.03.04;JNB;NBO;16:10;20:05;03:55
01.03.04;FRA;NBO;01:30;08:55;07:25
26.02.04;SHJ;CGN;05:05;12:00;06:55
25.02.04;CCU;SHJ;03:15;08:10;04:55
21.02.04;BOM;CCU;11:25;13:45;02:20
19.02.04;CGN;BOM;01:25;09:10;07:45
06.02.04;SHJ;CGN;17:55;00:55;07:00
05.02.04;CCU;SHJ;16:25;21:15;04:50
03.02.04;BOM;CCU;09:30;11:45;02:15
01.02.04;FRA;SHJ;06:45;12:25;05:40
23.01.04;NBO;FRA;21:50;06:05;08:15
22.01.04;NBO;JNB;09:55;14:00;04:05
22.01.04;JNB;NBO;16:15;20:15;04:00
20.01.04;FRA;NBO;00:45;08:20;07:35
11.01.04;DEL;FRA;04:45;13:25;08:40
09.01.04;BKK;DEL;21:30;01:45;04:15
07.01.04;KUL;BKK;17:50;19:45;01:55
06.01.04;HKG;KUL;11:10;14:40;03:30
04.01.04;SHJ;HKG;06:05;12:30;06:25
28.12.03;SHJ;FRA;09:35;16:00;06:25
27.12.03;MAA;CMB;05:00;06:20;01:20
27.12.03;CMB;SHJ;07:50;12:10;04:20
24.12.03;FRA;MAA;17:20;02:00;08:40
18.12.03;DEL;FRA;04:20;12:25;08:05
17.12.03;SVO;DEL;20:40;02:35;05:55
13.12.03;CGN;SVO;07:20;10:05;02:45
09.12.03;JFK;CGN;14:15;21:40;07:25
06.12.03;EMA;JFK;03:50;11:50;08:00
05.12.03;CGN;EMA;00:20;01:35;01:15
29.11.03;SHJ;CGN;22:30;05:00;06:30
28.11.03;HKG;SHJ;19:30;03:30;08:00
25.11.03;SHJ;HKG;03:00;10:00;07:00
23.11.03;CGN;SHJ;01:35;07:45;06:10
13.11.03;FAI;FRA;01:55;10:40;08:45
11.11.03;KIX;FAI;12:55;19:55;07:00
07.11.03;FAI;KIX;01:15;10:00;08:45
06.11.03;GOT;FAI;16:50;00:40;07:50
05.11.03;FRA;GOT;13:10;15:10;02:00
26.10.03;ISL;CGN;10:05;13:10;03:05
25.10.03;CMB;ISL;08:40;16:50;08:10
23.10.03;BOM;CMB;03:45;06:00;02:15
20.10.03;GOT;SHJ;18:00;00:10;06:10
19.10.03;FRA;GOT;21:30;23:00;01:30
13.10.03;SHJ;CGN;02:35;09:20;06:45
11.10.03;GOT;SHJ;18:25;00:20;05:55
08.10.03;SHJ;FRA;07:00;13:20;06:20
06.10.03;CGN;RUH;14:50;20:10;05:20
06.10.03;RUH;SHJ;21:00;22:35;01:35
26.09.03;KIX;FAI;14:15;21:20;07:05
24.09.03;FAI;KIX;00:45;08:40;07:55
23.09.03;FRA;FAI;16:55;02:10;09:15
18.08.03;SHJ;FRA;03:55;10:40;06:45
17.08.03;LHE;SHJ;03:55;06:50;02:55
16.08.03;PEN;LHE;21:50;02:35;04:45
14.08.03;FRA;PEN;03:05;14:25;11:20
09.08.03;DFW;FRA;10:00;19:30;09:30
07.08.03;ATL;DFW;06:20;08:20;02:00
05.08.03;FRA;ATL;18:25;03:40;09:15
22.07.03;JFK;CGN;13:20;20:10;06:50
19.07.03;EMA;JFK;02:55;10:05;07:10
18.07.03;CGN;EMA;22:50;00:05;01:15
10.07.03;DKR;FRA;15:35;21:35;06:00
08.07.03;VCP;GIG;06:00;06:55;00:55
08.07.03;GIG;DKR;08:15;14:35;06:20
05.07.03;DKR;VCP;16:30;22:55;06:25
04.07.03;FRA;DKR;13:35;19:30;05:55
28.06.03;FAI;FRA;20:05;04:55;08:50
27.06.03;NRT;FAI;12:45;19:35;06:50
25.06.03;FAI;NRT;02:10;09:30;07:20
24.06.03;GOT;FAI;16:10;23:50;07:40
23.06.03;FAI;FRA;22:05;04:50;06:45
19.06.03;KIX;FAI;12:00;19:20;07:20
16.06.03;FAI;KIX;09:40;17:35;07:55
15.06.03;GOT;FAI;16:20;23:50;07:30
13.06.03;FRA;SVO;00:40;03:40;03:00
05.06.03;KUL;DEL;20:35;01:30;04:55
03.06.03;MEL;KUL;10:50;19:05;08:15
31.05.03;AKL;MEL;05:00;08:50;03:50
25.05.03;HNL;AKL;17:45;02:30;08:45
24.05.03;ORD;HNL;07:45;16:00;08:15
18.05.03;LAX;FRA;04:10;14:50;10:40
15.05.03;FRA;LAX;13:25;01:05;11:40
12.05.03;DKR;FRA;13:25;19:10;05:45
11.05.03;EZE;DKR;06:10;14:20;08:10
01.05.03;FAI;FRA;20:00;04:30;08:30
30.04.03;NRT;FAI;12:45;19:25;06:40
18.04.03;FAI;FRA;20:20;04:50;08:30
17.04.03;KIX;FAI;13:30;20:50;07:20
14.04.03;FAI;KIX;01:05;09:30;08:25
11.04.03;GOT;FAI;15:55;23:15;07:20
10.04.03;FRA;GOT;12:30;14:05;01:35
07.04.03;SVO;LHE;06:20;11:45;05:25
07.04.03;LHE;SHJ;13:50;16:45;02:55
02.04.03;ISL;CGN;18:05;20:55;02:50
01.04.03;ISL;CAI;09:30;11:40;02:10
01.04.03;CAI;ISL;14:20;16:40;02:20
29.03.03;CGN;ISL;04:10;06:50;02:40
12.03.03;SHJ;FRA;06:30;13:30;07:00
14.02.03;JFK;FRA;13:15;20:30;07:15
13.02.03;CGN;JFK;03:00;11:05;08:05
08.02.03;ISL;FRA;19:20;22:05;02:45
06.02.03;CCU;ISL;08:45;17:25;08:40
04.02.03;BOM;CCU;03:15;05:35;02:20
31.01.03;FRA;BOM;19:50;01:40;05:50
20.01.03;ISL;CGN;21:45;00:45;03:00
18.01.03;CCU;ISL;09:35;17:30;07:55
16.01.03;BOM;CCU;04:35;07:00;02:25
14.01.03;SHJ;BOM;23:05;01:40;02:35
12.01.03;FRA;SHJ;19:50;01:35;05:45
07.01.03;NBO;FRA;13:40;22:00;08:20
06.01.03;NBO;NBO;21:15;21:35;00:20
03.01.03;NBO;JNB;08:50;12:55;04:05
03.01.03;JNB;NBO;13:50;17:45;03:55
30.12.02;FRA;NBO;00:35;07:55;07:20
25.12.02;ISL;FRA;18:55;21:40;02:45
24.12.02;CCU;ISL;09:10;17:55;08:45
21.12.02;BOM;CCU;20:50;23:05;02:15
18.12.02;FRA;BOM;19:20;02:45;07:25
25.11.02;ISL;CGN;18:55;22:00;03:05
23.11.02;CCU;ISL;09:40;17:45;08:05
21.11.02;BOM;CCU;04:25;06:50;02:25
12.11.02;FAI;FRA;20:50;05:25;08:35
09.11.02;KIX;FAI;13:00;20:00;07:00
07.11.02;FAI;KIX;01:00;09:05;08:05
05.11.02;GOT;FAI;16:45;00:30;07:45
04.11.02;FRA;GOT;16:05;17:50;01:45
01.11.02;SHJ;FRA;06:05;11:50;05:45
30.10.02;BKK;LHE;23:00;03:35;04:35
30.10.02;LHE;SHJ;04:45;07:50;03:05
27.10.02;CGN;CGN;08:50;09:25;00:35
27.10.02;CGN;BKK;12:10;22:15;10:05
20.10.02;LAX;FRA;04:15;15:20;11:05
17.10.02;FRA;LAX;13:35;01:15;11:40
09.10.02;DEL;CGN;02:20;10:55;08:35
07.10.02;BKK;DEL;21:15;01:25;04:10
03.10.02;NBO;FRA;20:45;04:45;08:00
01.10.02;NBO;JNB;08:40;12:40;04:00
01.10.02;JNB;NBO;14:15;18:05;03:50
30.09.02;FRA;NBO;23:30;07:01;07:31
20.09.02;FAI;GOT;20:30;04:00;07:30
19.09.02;KIX;FAI;11:50;19:15;07:25
18.09.02;FAI;KIX;01:10;09:50;08:40
15.09.02;GOT;FAI;15:40;23:40;08:00
04.09.02;NBO;FRA;20:25;04:00;07:35
03.09.02;NBO;JNB;08:40;12:30;03:50
03.09.02;JNB;NBO;14:20;18:10;03:50
02.09.02;NBO;JNB;08:35;12:35;04:00
02.09.02;JNB;NBO;14:30;18:20;03:50
01.09.02;FRA;NBO;23:30;07:05;07:35
29.07.02;NBO;FRA;20:10;03:55;07:45
28.07.02;NBO;JNB;09:05;13:00;03:55
28.07.02;JNB;NBO;14:35;18:20;03:45
27.07.02;FRA;NBO;23:40;07:20;07:40
22.07.02;DKR;FRA;13:25;19:05;05:40
21.07.02;EZE;DKR;10:55;19:20;08:25
16.07.02;VCP;EZE;06:40;09:35;02:55
14.07.02;DKR;VCP;15:40;22:15;06:35
13.07.02;FRA;DKR;12:55;18:40;05:45
02.07.02;FAI;FRA;20:15;04:25;08:10
29.06.02;KIX;FAI;11:50;19:25;07:35
28.06.02;FAI;KIX;02:05;10:25;08:20
26.06.02;GOT;FAI;15:40;23:35;07:55
25.06.02;FRA;GOT;12:20;13:55;01:35
14.06.02;BLR;SHJ;00:05;03:45;03:40
14.06.02;SHJ;CGN;21:15;03:40;06:25
13.06.02;PEN;BLR;19:20;23:05;03:45
12.06.02;KIX;PEN;11:55;18:10;06:15
10.06.02;FAI;KIX;00:45;08:35;07:50
07.06.02;GOT;FAI;10:25;18:05;07:40
06.06.02;FRA;GOT;09:50;11:25;01:35
02.06.02;LAX;FRA;03:55;14:35;10:40
30.05.02;FRA;LAX;14:40;02:15;11:35
19.05.02;JFK;FRA;02:50;09:50;07:00
17.05.02;CGN;JFK;02:10;10:10;08:00
06.05.02;ISL;CGN;18:30;21:30;03:00
04.05.02;CCU;ISL;08:50;17:35;08:45
02.05.02;BOM;CCU;04:20;06:45;02:25
30.04.02;SHJ;BOM;23:10;01:45;02:35
28.04.02;FRA;SHJ;18:15;00:20;06:05
02.04.02;SHJ;FRA;06:40;13:00;06:20
31.03.02;HKG;SHJ;15:00;23:25;08:25
29.03.02;SHJ;HKG;06:55;14:00;07:05
21.03.02;BKK;SHJ;21:20;03:55;06:35
20.03.02;KIX;BKK;13:00;19:05;06:05
18.03.02;FAI;KIX;01:40;10:15;08:35
15.03.02;GOT;FAI;17:10;00:40;07:30
14.03.02;FRA;GOT;10:30;12:08;01:38
02.03.02;DFW;FRA;12:05;21:40;09:35
26.02.02;FRA;DFW;21:35;08:10;10:35
23.02.02;FRA;GOT;14:40;16:20;01:40
11.02.02;SHJ;GOT;00:30;07:40;07:10
09.02.02;BKK;SHJ;22:05;04:45;06:40
08.02.02;MAA;BKK;17:35;20:40;03:05
06.02.02;PEN;MAA;20:50;23:55;03:05
04.02.02;MEL;PEN;11:40;20:05;08:25
02.02.02;AKL;MEL;08:15;12:05;03:50
28.01.02;HNL;AKL;19:00;03:50;08:50
27.01.02;ORD;HNL;08:20;17:40;09:20
26.01.02;FRA;ORD;00:45;09:40;08:55
17.01.02;ISL;CGN;19:05;22:00;02:55
15.01.02;ISL;CAI;11:15;13:20;02:05
15.01.02;CAI;ISL;15:05;17:20;02:15
11.01.02;JFK;FRA;08:35;16:20;07:45
09.01.02;CGN;JFK;03:25;11:35;08:10
20.12.01;ORD;FRA;12:15;20:35;08:20
19.12.01;FRA;ORD;00:40;09:25;08:45
16.12.01;SHJ;FRA;07:00;14:00;07:00
14.12.01;HKG;SHJ;18:25;03:05;08:40
11.12.01;SHJ;HKG;02:35;09:25;06:50
09.12.01;FRA;SHJ;20:15;02:25;06:10
07.12.01;ISL;CGN;20:05;23:25;03:20
06.12.01;CGN;ISL;04:05;07:05;03:00
13.11.01;JFK;CGN;13:55;21:15;07:20
10.11.01;FRA;JFK;15:00;23:15;08:15
07.11.01;ISL;CGN;20:48;00:10;03:22
06.11.01;CGN;ISL;04:05;06:52;02:47
02.11.01;ORD;SNN;12:50;19:20;06:30
02.11.01;SNN;FRA;21:20;23:15;01:55
31.10.01;FRA;JFK;03:40;12:35;08:55
22.10.01;NBO;FRA;20:45;04:40;07:55
21.10.01;NBO;JNB;07:25;11:25;04:00
21.10.01;JNB;NBO;13:25;17:15;03:50
20.10.01;FRA;NBO;22:25;06:05;07:40
16.10.01;MAA;CGN;20:30;06:20;09:50
14.10.01;FRA;MAA;08:50;18:00;09:10
11.10.01;SHJ;FRA;05:10;11:45;06:35
08.10.01;FRA;SHJ;22:50;05:00;06:10
06.09.01;FAI;FRA;20:10;04:35;08:25
05.09.01;KIX;FAI;12:20;20:00;07:40
21.08.01;LHE;FRA;03:55;11:30;07:35
17.08.01;KUL;LHE;20:30;02:05;05:35
15.08.01;SHJ;KUL;08:35;15:35;07:00
13.08.01;GOT;SHJ;15:55;22:10;06:15
03.08.01;SHJ;FRA;03:50;10:35;06:45
02.08.01;BKK;SHJ;22:20;04:05;05:45
30.07.01;KUL;BKK;18:05;20:05;02:00
27.07.01;MEL;KUL;10:55;18:45;07:50
23.07.01;AKL;MEL;04:45;08:31;03:46
20.07.01;PPT;AKL;20:20;02:25;06:05
19.07.01;LAX;PPT;15:10;23:10;08:00
15.07.01;JFK;LAX;02:50;08:25;05:35
14.07.01;FRA;JFK;01:15;09:30;08:15
05.07.01;SHJ;FRA;04:30;10:50;06:20
03.07.01;FRA;SHJ;19:10;01:10;06:00
28.06.01;ORD;FRA;11:55;20:10;08:15
27.06.01;FRA;ORD;08:35;17:23;08:48
24.06.01;DKR;FRA;13:25;19:10;05:45
23.06.01;VCP;DKR;06:10;12:35;06:25
21.06.01;DKR;VCP;19:55;02:20;06:25
20.06.01;FRA;DKR;13:30;19:25;05:55
18.06.01;SHJ;GOT;00:05;06:30;06:25
16.06.01;GOT;SHJ;17:50;23:55;06:05
09.06.01;FAI;FRA;20:30;04:50;08:20
08.06.01;KIX;FAI;12:05;19:55;07:50
07.06.01;FAI;KIX;00:05;08:05;08:00
05.06.01;GOT;FAI;16:10;00:00;07:50
03.06.01;FRA;GOT;12:45;14:20;01:35
20.05.01;JFK;ATL;02:40;05:15;02:35
20.05.01;ATL;JFK;06:40;08:40;02:00
20.05.01;CGN;JFK;21:30;05:10;07:40
15.05.01;VCP;FRA;07:15;18:25;11:10
13.05.01;DKR;VCP;21:00;03:35;06:35
12.05.01;FRA;DKR;14:00;20:10;06:10
09.05.01;NBO;FRA;20:25;04:40;08:15
08.05.01;NBO;JNB;07:15;11:25;04:10
08.05.01;JNB;NBO;12:50;16:35;03:45
07.05.01;FRA;NBO;22:15;05:40;07:25
28.04.01;DFW;CGN;06:15;15:15;09:00
24.04.01;FRA;DFW;17:35;04:10;10:35
14.04.01;FRA;JFK;17:00;00:50;07:50
08.04.01;SHJ;CGN;11:45;18:05;06:20
06.04.01;HKG;SHJ;15:15;23:15;08:00
03.04.01;SHJ;HKG;23:40;06:25;06:45
01.04.01;FRA;SHJ;18:15;00:25;06:10
27.03.01;VCP;FRA;07:45;18:55;11:10
22.03.01;KHI;CGN;12:50;20:35;07:45
20.03.01;BOM;KHI;08:50;10:40;01:50
18.03.01;FRA;BOM;23:50;07:40;07:50
07.03.01;FAI;FRA;22:45;07:45;09:00
06.03.01;KIX;FAI;12:45;20:30;07:45
03.03.01;FAI;KIX;01:30;10:30;09:00
02.03.01;GOT;FAI;17:15;00:55;07:40
01.03.01;FRA;GOT;10:35;12:05;01:30
12.02.01;DKR;FRA;16:15;21:55;05:40
09.02.01;FRA;DKR;14:25;20:10;05:45
06.02.01;KHI;FRA;15:15;22:50;07:35
04.02.01;BOM;KHI;09:45;11:30;01:45
01.02.01;CGN;BOM;00:20;08:20;08:00
27.01.01;NBO;FRA;20:50;04:35;07:45
26.01.01;NBO;JNB;07:25;11:15;03:50
26.01.01;JNB;NBO;13:30;17:30;04:00
24.01.01;FRA;NBO;23:40;07:00;07:20
16.01.01;KHI;FRA;14:20;21:05;06:45
14.01.01;HKG;SHJ;15:05;23:20;08:15
12.01.01;SHJ;HKG;04:55;11:55;07:00
09.01.01;FRA;SHJ;19:40;01:25;05:45
31.12.00;FRA;JFK;05:55;14:40;08:45
25.12.00;LHE;FRA;13:20;21:30;08:10
23.12.00;GOT;SHJ;20:50;03:00;06:10
05.12.00;FAI;FRA;21:00;05:50;08:50
02.12.00;KIX;FAI;12:55;20:20;07:25
01.12.00;FAI;KIX;02:30;10:45;08:15
29.11.00;GOT;FAI;16:45;00:35;07:50
28.11.00;FRA;GOT;14:35;16:15;01:40
21.11.00;DFW;MEX;02:20;04:40;02:20
19.11.00;JFK;ATL;10:35;13:00;02:25
19.11.00;ATL;JFK;14:55;16:45;01:50
02.11.00;JFK;SNN;06:26;12:39;06:13
02.11.00;SNN;FRA;13:36;15:40;02:04
01.11.00;CGN;JFK;03:00;10:50;07:50
28.10.00;NBO;FRA;20:10;04:00;07:50
27.10.00;NBO;JNB;06:55;10:45;03:50
27.10.00;JNB;NBO;13:25;17:15;03:50
25.10.00;FRA;NBO;22:25;05:45;07:20
21.10.00;SHJ;GOT;23:35;05:55;06:20
19.10.00;PEN;SHJ;16:15;22:30;06:15
17.10.00;MAA;PEN;10:30;13:50;03:20
14.10.00;FRA;MAA;23:45;08:45;09:00
07.10.00;ORD;FRA;11:35;19:10;07:35
06.10.00;FRA;ORD;06:15;15:25;09:10
02.10.00;JFK;FRA;07:30;14:30;07:00
01.10.00;JFK;ATL;08:55;10:55;02:00
01.10.00;ATL;JFK;12:25;14:40;02:15
27.09.00;NBO;FRA;19:50;03:42;07:52
26.09.00;NBO;JNB;07:15;11:10;03:55
26.09.00;JNB;NBO;13:25;17:15;03:50
25.09.00;FRA;NBO;22:35;06:05;07:30
21.09.00;ATL;JFK;23:55;02:45;02:50
20.09.00;JFK;ATL;18:40;20:55;02:15
18.09.00;JFK;ATL;23:00;01:20;02:20
18.09.00;ATL;JFK;03:40;05:40;02:00
15.09.00;FRA;DFW;13:35;21:35;08:00
11.09.00;TAN;TAN;16:23;17:19;00:56
10.09.00;KHI;CGN;13:50;21:05;07:15
07.09.00;BOM;KHI;09:45;11:25;01:40
05.09.00;FRA;BOM;00:10;08:10;08:00
30.08.00;ORD;FRA;11:15;19:22;08:07
28.08.00;FRA;ORD;01:20;09:50;08:30
23.08.00;SHJ;FRA;03:05;09:35;06:30
22.08.00;BLR;CMB;02:35;03:55;01:20
22.08.00;CMB;SHJ;05:30;09:25;03:55
19.08.00;FRA;BLR;16:50;01:45;08:55
10.08.00;FAI;FRA;20:30;04:40;08:10
08.08.00;KIX;FAI;12:45;19:55;07:10
05.08.00;FAI;KIX;01:15;09:05;07:50
03.08.00;GOT;FAI;16:35;00:15;07:40
23.07.00;FAI;FRA;22:25;07:05;08:40
21.07.00;KIX;FAI;12:35;19:50;07:15
19.07.00;FAI;KIX;00:30;08:45;08:15
17.07.00;GOT;FAI;06:15;14:03;07:48
09.07.00;NBO;FRA;21:00;04:45;07:45
07.07.00;NBO;JNB;07:15;11:20;04:05
07.07.00;JNB;NBO;13:50;17:35;03:45
05.07.00;FRA;NBO;22:25;06:10;07:45
01.07.00;CGN;ISL;22:50;01:45;02:55
01.07.00;DEL;FRA;10:40;18:50;08:10
30.06.00;ISL;DEL;03:10;08:40;05:30
24.06.00;FAI;FRA;21:05;05:55;08:50
23.06.00;KIX;FAI;12:40;20:20;07:40
22.06.00;FAI;KIX;01:05;09:00;07:55
20.06.00;GOT;FAI;16:50;00:39;07:49
07.06.00;SHJ;FRA;01:35;07:45;06:10
06.06.00;BLR;CMB;04:50;06:20;01:30
06.06.00;CMB;SHJ;07:52;11:40;03:48
02.06.00;FRA;BLR;16:40;01:40;09:00
29.05.00;DFW;FRA;10:05;19:30;09:25
27.05.00;DFW;MEX;01:20;03:35;02:15
27.05.00;MEX;DFW;05:45;08:00;02:15
24.05.00;FRA;DFW;13:15;23:45;10:30
23.05.00;TAN;TAN;15:11;16:15;01:04
18.05.00;KHI;CGN;12:35;20:20;07:45
16.05.00;BOM;KHI;20:20;22:00;01:40
13.05.00;FRA;BOM;20:25;04:40;08:15
10.05.00;TAN;TAN;09:30;10:53;01:23
05.05.00;TAN;TAN;10:34;12:05;01:31
27.04.00;TAN;TAN;14:10;14:40;00:30
27.04.00;TAN;TAN;14:43;15:18;00:35
21.04.00;ISB;FRA;14:45;21:35;06:50
20.04.00;BOM;KHI;06:30;08:30;02:00
18.04.00;FRA;BOM;00:20;08:35;08:15
11.04.00;SHJ;FRA;03:50;10:40;06:50
09.04.00;BKK;SHJ;21:45;04:00;06:15
08.04.00;MNL;BKK;13:35;14:40;01:05
03.04.00;SHJ;MNL;06:35;14:20;07:45
01.04.00;CAI;SHJ;04:05;07:20;03:15
31.03.00;FRA;CAI;23:05;02:45;03:40
28.03.00;SHJ;SHJ;13:15;13:25;00:10
28.03.00;SHJ;FRA;14:40;21:15;06:35
26.03.00;HKG;SHJ;14:35;22:55;08:20
24.03.00;SHJ;HKG;05:45;12:30;06:45
22.03.00;FRA;SHJ;19:40;01:40;06:00
10.03.00;FRA;DFW;15:45;03:20;11:35
08.03.00;SHJ;FRA;13:55;20:35;06:40
07.03.00;FRA;CAI;11:15;15:15;04:00
07.03.00;CAI;SHJ;16:30;19:35;03:05
04.03.00;FRA;ORD;00:45;10:05;09:20
04.03.00;ORD;FRA;12:30;20:25;07:55
29.02.00;DEL;FRA;11:45;20:20;08:35
28.02.00;FRA;SHJ;05:25;11:55;06:30
28.02.00;SHJ;DEL;13:15;16:10;02:55
24.02.00;DFW;FRA;11:35;20:45;09:10
22.02.00;DFW;MEX;02:35;05:05;02:30
22.02.00;MEX;DFW;06:55;09:15;02:20
20.02.00;FRA;JFK;00:30;09:15;08:45
14.02.00;DEL;FRA;08:05;16:15;08:10
13.02.00;SHJ;MAA;23:55;03:30;03:35
13.02.00;MAA;DEL;06:20;08:50;02:30
11.02.00;CGN;ISL;03:55;06:50;02:55
11.02.00;ISL;SHJ;07:35;11:25;03:50
01.02.00;LAX;FRA;17:25;04:30;11:05
02.01.00;SHJ;FRA;04:24;11:07;06:43
30.12.99;BOM;PEN;12:15;16:47;04:32
30.12.99;PEN;SHJ;20:55;03:28;06:33
28.12.99;SHJ;BOM;08:25;11:00;02:35
27.12.99;CGN;ISL;04:05;06:46;02:41
27.12.99;ISL;SHJ;07:50;11:45;03:55
21.12.99;BLR;DEL;03:45;06:20;02:35
21.12.99;DEL;FRA;11:40;20:26;08:46
20.12.99;SHJ;BLR;21:50;01:25;03:35
19.12.99;GOT;SHJ;22:35;04:35;06:00
11.12.99;ORD;FRA;12:25;20:25;08:00
10.12.99;FRA;ORD;00:45;10:05;09:20
06.12.99;SHJ;CGN;14:10;20:55;06:45
04.12.99;PEN;SHJ;19:20;01:40;06:20
02.12.99;SHJ;BOM;09:05;11:45;02:40
02.12.99;BOM;PEN;13:35;18:05;04:30
20.11.99;SHJ;GOT;00:20;07:20;07:00
19.11.99;CGN;ISL;04:05;06:55;02:50
19.11.99;ISL;SHJ;07:55;11:40;03:45
17.11.99;DEL;FRA;08:15;17:25;09:10
15.11.99;MAA;DEL;03:15;05:55;02:40
15.11.99;SHJ;MAA;21:40;01:15;03:35
12.11.99;SHJ;FRA;14:20;21:05;06:45
11.11.99;FRA;SHJ;01:47;07:45;05:58
05.11.99;SHJ;FRA;04:59;11:50;06:51
04.11.99;CGN;ISL;04:14;07:27;03:13
04.11.99;ISL;SHJ;08:28;12:30;04:02
02.11.99;SHJ;CGN;14:24;20:45;06:21
01.11.99;GOT;SHJ;16:18;22:30;06:12
29.10.99;SHJ;FRA;01:24;08:20;06:56
26.10.99;PEN;SHJ;17:14;23:30;06:16
22.10.99;FRA;SHJ;22:15;03:55;05:40
22.10.99;SHJ;BOM;06:49;09:32;02:43
22.10.99;BOM;PEN;10:50;15:25;04:35
15.10.99;FRA;ORD;23:50;08:45;08:55
15.10.99;ORD;SNN;14:50;18:33;03:43
15.10.99;SNN;FRA;19:47;21:45;01:58
01.10.99;SHJ;FRA;00:20;07:20;07:00
30.09.99;FRA;DOH;22:00;03:40;05:40
29.09.99;DOH;SHJ;04:35;05:30;00:55
16.09.99;ORD;FRA;11:20;19:15;07:55
15.09.99;FRA;ORD;23:14;08:18;09:04
11.09.99;NBO;FRA;07:15;15:15;08:00
09.09.99;FRA;NBO;20:55;04:50;07:55
05.09.99;DFW;FRA;18:55;02:25;07:30
04.09.99;DFW;MEX;00:20;02:40;02:20
04.09.99;MEX;DFW;04:25;06:50;02:25
01.09.99;FRA;DFW;09:44;20:10;10:26
21.08.99;SHJ;FRA;09:18;15:45;06:27
19.08.99;FRA;DOH;09:15;15:00;05:45
19.08.99;DOH;SHJ;16:10;17:10;01:00
14.08.99;FRA;FRA;08:50;09:00;00:10
14.08.99;FRA;ARN;09:15;11:15;02:00
14.08.99;ARN;FRA;13:10;15:25;02:15
10.08.99;NBO;JNB;05:50;09:55;04:05
10.08.99;JNB;NBO;13:00;16:50;03:50
04.08.99;NBO;JNB;05:35;09:40;04:05
04.08.99;JNB;NBO;12:35;16:20;03:45
30.07.99;NBO;JNB;07:10;10:55;03:45
30.07.99;JNB;NBO;13:15;17:05;03:50
19.07.99;SHJ;GOT;00:05;06:50;06:45
17.07.99;PEN;SHJ;18:00;00:05;06:05
15.07.99;BOM;PEN;11:45;16:20;04:35
29.06.99;DFW;FRA;06:30;15:55;09:25
28.06.99;DTW;LAX;00:00;05:05;05:05
28.06.99;LAX;DFW;07:00;10:05;03:05
25.06.99;FRA;DFW;10:00;20:50;10:50
29.01.99;MEX;FRA;02:35;13:45;11:10
26.01.99;FRA;MEX;12:35;00:55;12:20
24.01.99;SFO;FRA;23:43;09:35;09:52
21.01.99;FRA;SFO;10:07;21:19;11:12
12.01.99;SIN;FRA;15:59;05:12;13:13
08.01.99;FRA;SIN;21:26;08:50;11:24
27.12.98;JNB;FRA;19:11;05:44;10:33
24.12.98;FRA;JNB;21:01;07:10;10:09
21.12.98;BOG;FRA;05:50;15:56;10:06
18.12.98;FRA;BOG;09:15;19:50;10:35
15.12.98;NRT;FRA;01:42;13:53;12:11
13.12.98;FRA;NRT;12:37;23:28;10:51
23.10.98;SFO;FRA;22:05;08:45;10:40
19.10.98;FRA;SFO;09:10;20:25;11:15
15.10.98;BOM;FRA;20:45;05:30;08:45
14.10.98;FRA;BOM;11:53;19:38;07:45
10.10.98;SHA;FRA;03:20;15:20;12:00
07.10.98;FRA;SHA;15:05;01:20;10:15
02.10.98;HKG;FRA;05:10;17:10;12:00
30.09.98;FRA;HKG;15:45;02:30;10:45
16.09.98;EZE;FRA;19:34;08:34;13:00
15.09.98;EZE;SCL;10:58;13:22;02:24
15.09.98;SCL;EZE;16:24;18:13;01:49
12.09.98;FRA;EZE;20:02;09:32;13:30
20.08.98;NRT;FRA;01:26;13:33;12:07
18.08.98;FRA;NRT;12:15;23:06;10:51
14.08.98;BKK;FRA;16:55;04:11;11:16
11.08.98;FRA;BKK;20:14;06:40;10:26
07.08.98;SIN;FRA;16:07;05:45;13:38
03.08.98;FRA;SIN;20:24;08:05;11:41
30.07.98;HKG;FRA;05:07;17:02;11:55
27.07.98;FRA;HKG;15:42;02:32;10:50
18.07.98;BOM;FRA;20:43;04:59;08:16
17.07.98;FRA;BOM;11:26;19:31;08:05
11.07.98;SIN;FRA;16:15;04:47;12:32
07.07.98;FRA;SIN;20:20;08:11;11:51
04.07.98;PEK;FRA;02:36;11:56;09:20
02.07.98;FRA;PEK;00:23;09:00;08:37
29.06.98;JNB;FRA;18:05;04:10;10:05
25.06.98;FRA;JNB;20:41;07:15;10:34
18.06.98;LAX;FRA;01:57;12:19;10:22
14.06.98;FRA;LAX;11:57;23:08;11:11
10.06.98;MEX;FRA;01:14;12:04;10:50
07.06.98;FRA;MEX;11:29;23:01;11:32
01.06.98;JNB;FRA;17:51;04:03;10:12
29.05.98;FRA;JNB;20:07;06:12;10:05
23.05.98;HKG;FRA;05:19;17:10;11:51
20.05.98;FRA;HKG;15:45;02:54;11:09
15.05.98;GMP;FRA;05:18;16:15;10:57
13.05.98;FRA;GMP;15:26;01:28;10:02
02.05.98;FRA;LAX;08:52;20:09;11:17
27.04.98;PEK;FRA;02:21;12:46;10:25
25.04.98;FRA;PEK;15:14;00:00;08:46
18.04.98;GMP;FRA;05:17;16:39;11:22
16.04.98;FRA;GMP;15:22;01:14;09:52
12.04.98;SIN;FRA;15:57;06:37;14:40
09.04.98;FRA;SIN;20:20;07:51;11:31
04.04.98;HKG;FRA;04:50;17:17;12:27
01.04.98;FRA;HKG;15:50;02:38;10:48
29.03.98;KUL;FRA;16:47;05:08;12:21
27.03.98;KUL;CGK;09:22;11:15;01:53
27.03.98;CGK;KUL;13:45;15:40;01:55
24.03.98;FRA;KUL;20:55;08:11;11:16
14.03.98;SHA;FRA;05:48;17:32;11:44
11.03.98;FRA;SHA;18:39;03:03;08:24
27.01.98;MEX;FRA;03:08;13:45;10:37
24.01.98;FRA;MEX;12:34;00:33;11:59
10.01.98;HKG;FRA;05:15;17:35;12:20
07.01.98;FRA;FRA;16:15;16:30;00:15
07.01.98;FRA;HKG;18:35;05:22;10:47
01.01.98;JNB;FRA;19:05;05:25;10:20
31.12.97;JNB;CPT;09:41;11:43;02:02
31.12.97;CPT;JNB;15:44;17:45;02:01
28.12.97;FRA;JNB;20:50;07:10;10:20
19.12.97;GMP;FRA;06:10;17:35;11:25
17.12.97;FRA;GMP;18:50;04:43;09:53
12.12.97;HKG;FRA;05:14;17:48;12:34
09.12.97;FRA;HKG;16:20;03:43;11:23
05.12.97;GMP;FRA;05:45;17:10;11:25
03.12.97;FRA;GMP;17:00;03:10;10:10
21.11.97;ORD;FRA;22:25;06:16;07:51
20.11.97;FRA;ORD;09:45;18:25;08:40
05.11.97;KUL;FRA;16:37;05:40;13:03
02.11.97;KUL;CGK;09:30;11:16;01:46
02.11.97;CGK;KUL;13:34;15:42;02:08
30.10.97;FRA;KUL;21:03;08:42;11:39
22.10.97;BKK;FRA;16:45;04:03;11:18
18.10.97;FRA;SIN;19:35;07:51;12:16
25.09.97;BOM;FRA;20:55;05:30;08:35
24.09.97;FRA;BOM;11:23;19:11;07:48
19.09.97;BOM;FRA;20:54;05:26;08:32
18.09.97;FRA;BOM;11:23;19:12;07:49
12.09.97;NRT;FRA;00:59;12:51;11:52
09.09.97;FRA;NRT;11:48;22:47;10:59
04.09.97;JNB;FRA;18:06;04:25;10:19
03.09.97;JNB;CPT;06:52;08:59;02:07
03.09.97;CPT;JNB;14:43;16:33;01:50
31.08.97;FRA;JNB;19:51;06:03;10:12
27.08.97;GMP;FRA;05:45;17:13;11:28
24.08.97;FRA;GMP;15:30;01:40;10:10
16.08.97;ORD;FRA;21:45;05:38;07:53
15.08.97;FRA;ORD;08:17;17:02;08:45
08.08.97;EZE;FRA;19:44;08:15;12:31
04.08.97;EZE;SCL;10:57;13:05;02:08
04.08.97;SCL;EZE;16:18;18:00;01:42
03.08.97;EZE;SCL;10:52;12:56;02:04
03.08.97;SCL;EZE;16:46;18:30;01:44
31.07.97;FRA;EZE;20:27;10:04;13:37
27.07.97;SFO;FRA;21:52;08:00;10:08
24.07.97;FRA;SFO;08:45;19:41;10:56
21.07.97;BOM;FRA;20:48;05:22;08:34
19.07.97;FRA;BOM;11:29;19:35;08:06
09.07.97;GMP;FRA;06:40;17:30;10:50
06.07.97;FRA;GMP;15:30;01:43;10:13
23.06.97;GMP;FRA;05:53;17:02;11:09
21.06.97;FRA;GMP;15:35;01:38;10:03
16.06.97;HKG;FRA;05:22;17:48;12:26
13.06.97;FRA;HKG;15:40;02:55;11:15
08.06.97;EZE;FRA;19:39;08:14;12:35
04.06.97;EZE;SCL;10:43;12:42;01:59
04.06.97;SCL;EZE;16:16;18:04;01:48
01.06.97;FRA;EZE;20:11;10:07;13:56
25.05.97;JNB;FRA;17:55;04:25;10:30
24.05.97;JNB;HRE;07:04;08:35;01:31
24.05.97;HRE;JNB;15:04;16:40;01:36
21.05.97;FRA;JNB;19:52;06:05;10:13
03.01.97;MVD;DKR;17:45;01:45;08:00
30.12.96;FRA;FLL;11:40;21:05;09:25
24.12.96;FRA;ACE;12:48;17:08;04:20
24.12.96;ACE;FRA;18:18;22:13;03:55
23.12.96;FRA;FUE;12:35;17:00;04:25
23.12.96;FUE;FRA;17:50;21:55;04:05
21.12.96;POP;SXF;23:43;08:23;08:40
18.12.96;HAJ;POP;23:58;09:03;09:05
07.12.96;FRA;TFS;04:05;08:13;04:08
07.12.96;TFS;FRA;09:40;14:13;04:33
26.10.96;DUS;LPA;10:50;14:49;03:59
26.10.96;LPA;DUS;16:34;20:46;04:12
25.10.96;FRA;DUS;12:03;12:37;00:34
25.10.96;DUS;PMI;13:26;15:37;02:11
25.10.96;PMI;DUS;16:36;18:50;02:14
19.10.96;FRA;LPA;05:29;09:33;04:04
19.10.96;LPA;FRA;10:45;15:00;04:15
15.10.96;FRA;ACE;11:16;15:19;04:03
15.10.96;ACE;FRA;16:25;20:30;04:05
10.10.96;CGN;IBZ;04:03;06:08;02:05
10.10.96;IBZ;CGN;07:45;09:54;02:09
08.10.96;DUS;SKG;13:31;16:05;02:34
08.10.96;SKG;DUS;17:32;20:05;02:33
07.10.96;DUS;FUE;11:35;15:29;03:54
07.10.96;FUE;DUS;17:10;21:04;03:54
06.10.96;DUS;LPA;10:43;14:39;03:56
06.10.96;LPA;DUS;16:01;20:31;04:30
05.10.96;DUS;PMI;13:35;15:46;02:11
05.10.96;PMI;DUS;16:45;18:50;02:05
01.10.96;FRA;ACE;10:52;15:10;04:18
01.10.96;ACE;FRA;16:16;20:09;03:53
22.09.96;PMI;FRA;20:05;22:15;02:10
20.09.96;FRA;PMI;05:15;07:25;02:10
20.09.96;PMI;MUC;08:50;11:00;02:10
20.09.96;MUC;PMI;12:20;14:20;02:00
18.09.96;FRA;KGS;03:55;06:45;02:50
18.09.96;KGS;FRA;07:55;11:30;03:35
15.09.96;FRA;PMI;06:24;08:36;02:12
15.09.96;PMI;FRA;10:04;12:31;02:27
10.09.96;CGN;ACE;12:00;16:05;04:05
10.09.96;ACE;CGN;17:20;21:15;03:55
08.09.96;CGN;LPA;12:05;16:20;04:15
08.09.96;LPA;CGN;17:25;21:35;04:10
07.09.96;CGN;PMI;17:25;19:30;02:05
07.09.96;PMI;CGN;20:40;22:45;02:05
06.09.96;CGN;PMI;11:20;13:25;02:05
06.09.96;PMI;DUS;14:25;16:40;02:15
04.09.96;FRA;FRA;04:40;04:45;00:05
04.09.96;FRA;KGS;05:00;08:45;03:45
04.09.96;KGS;FRA;09:50;13:05;03:15
01.09.96;FRA;PMI;06:35;08:28;01:53
01.09.96;PMI;FRA;11:00;13:12;02:12
19.08.96;FRA;HER;14:55;18:05;03:10
19.08.96;HER;FRA;19:15;22:16;03:01
18.08.96;FRA;PMI;16:55;19:07;02:12
18.08.96;PMI;FRA;20:07;22:17;02:10
17.08.96;FRA;PMI;17:22;19:10;01:48
17.08.96;PMI;FRA;20:18;22:26;02:08
16.08.96;FRA;HER;03:10;06:05;02:55
16.08.96;HER;RHO;06:52;07:33;00:41
16.08.96;RHO;FRA;09:20;12:43;03:23
11.08.96;FRA;PMI;06:15;08:20;02:05
11.08.96;PMI;FRA;09:50;12:00;02:10
08.08.96;FRA;HER;13:04;16:01;02:57
08.08.96;HER;FRA;16:54;20:01;03:07
07.08.96;FRA;PMI;16:13;18:21;02:08
07.08.96;PMI;FRA;19:17;21:13;01:56
06.08.96;STR;AYT;14:00;16:53;02:53
06.08.96;AYT;FRA;18:10;21:33;03:23
05.08.96;FRA;HER;15:38;18:35;02:57
05.08.96;HER;FRA;19:31;22:44;03:13
04.08.96;FRA;ACE;14:20;18:25;04:05
04.08.96;ACE;FRA;19:15;22:55;03:40
02.08.96;DUS;HER;04:37;07:50;03:13
02.08.96;HER;DUS;09:10;12:13;03:03
01.08.96;DUS;PMI;04:05;06:05;02:00
01.08.96;PMI;DUS;07:00;09:13;02:13
31.07.96;DUS;KGS;04:32;07:42;03:10
31.07.96;KGS;DUS;08:50;12:02;03:12
30.07.96;FRA;AYT;03:03;06:05;03:02
30.07.96;AYT;FRA;07:29;10:35;03:06
28.07.96;FRA;LPA;03:15;07:22;04:07
28.07.96;LPA;FRA;08:50;13:00;04:10
24.07.96;FRA;KGS;06:40;09:35;02:55
24.07.96;KGS;FRA;10:49;14:20;03:31
20.07.96;FRA;LPA;05:50;10:05;04:15
20.07.96;LPA;FRA;11:15;15:25;04:10
13.07.96;FRA;LPA;05:30;09:58;04:28
13.07.96;LPA;FRA;10:55;15:31;04:36
02.07.96;CGN;ACE;06:25;10:32;04:07
02.07.96;ACE;CGN;11:45;15:40;03:55
30.06.96;CGN;LPA;12:15;16:27;04:12
30.06.96;LPA;CGN;17:25;21:27;04:02
29.06.96;CGN;PMI;17:18;19:15;01:57
29.06.96;PMI;CGN;20:30;22:41;02:11
19.06.96;PMI;FRA;16:45;18:42;01:57
19.06.96;FRA;PMI;19:30;21:40;02:10
16.06.96;CGN;LPA;12:18;16:25;04:07
16.06.96;LPA;CGN;17:38;21:38;04:00
15.06.96;CGN;PMI;17:29;19:26;01:57
15.06.96;PMI;CGN;20:44;22:52;02:08
14.06.96;DUS;PMI;17:55;20:00;02:05
14.06.96;PMI;CGN;20:55;23:05;02:10
13.06.96;FRA;PMI;16:45;18:42;01:57
13.06.96;PMI;FRA;19:30;21:40;02:10
09.06.96;FRA;ACE;12:39;16:54;04:15
09.06.96;ACE;FRA;17:48;21:41;03:53
08.06.96;FRA;PMI;11:20;19:25;08:05
08.06.96;PMI;FRA;20:21;22:23;02:02
07.06.96;HAM;STR;12:50;14:00;01:10
07.06.96;STR;HER;15:45;18:45;03:00
07.06.96;HER;FRA;19:30;22:30;03:00
06.06.96;FRA;IBZ;09:57;11:57;02:00
06.06.96;IBZ;FRA;13:07;15:25;02:18
02.06.96;FRA;ACE;12:45;16:43;03:58
02.06.96;ACE;FRA;17:55;21:57;04:02
01.06.96;FRA;PMI;17:51;19:58;02:07
01.06.96;PMI;FRA;21:00;22:50;01:50
31.05.96;HAM;STR;12:51;13:52;01:01
31.05.96;STR;HER;16:20;19:14;02:54
31.05.96;HER;FRA;20:03;22:52;02:49
28.05.96;FRA;ACE;10:45;14:37;03:52
28.05.96;ACE;FRA;16:05;20:15;04:10
26.05.96;FRA;ACE;12:59;16:50;03:51
26.05.96;ACE;FRA;17:45;21:52;04:07
25.05.96;FRA;PMI;17:20;19:12;01:52
25.05.96;PMI;FRA;20:26;22:21;01:55
24.05.96;HAM;STR;12:45;13:56;01:11
24.05.96;STR;HER;15:55;18:50;02:55
24.05.96;HER;FRA;19:50;22:55;03:05
15.05.96;FRA;TFS;04:27;09:07;04:40
15.05.96;TFS;FRA;10:30;15:00;04:30
03.05.96;DUS;HER;04:15;07:45;03:30
03.05.96;HER;STR;08:30;11:25;02:55
01.05.96;CGN;DUS;09:27;09:51;00:24
01.05.96;DUS;KGS;11:15;14:33;03:18
01.05.96;KGS;DUS;15:25;18:30;03:05
30.04.96;STR;AYT;04:03;06:51;02:48
30.04.96;AYT;STR;08:10;11:23;03:13
30.04.96;STR;DUS;12:27;13:22;00:55
28.04.96;FRA;LPA;12:30;16:52;04:22
28.04.96;LPA;FRA;18:05;22:06;04:01
21.04.96;DUS;PMI;14:33;16:48;02:15
21.04.96;PMI;DUS;17:42;19:42;02:00
20.04.96;DUS;FUE;10:58;15:13;04:15
20.04.96;FUE;DUS;16:13;19:52;03:39
19.04.96;MUC;CGN;19:23;20:23;01:00
18.04.96;CGN;MUC;19:55;21:03;01:08
14.04.96;FRA;LPA;13:14;17:04;03:50
14.04.96;LPA;FRA;18:10;22:17;04:07
11.04.96;CGN;TFS;12:04;16:42;04:38
11.04.96;TFS;CGN;17:54;22:05;04:11
09.04.96;CGN;ACE;11:48;15:58;04:10
09.04.96;ACE;CGN;17:08;21:07;03:59
01.04.96;PUJ;POP;18:05;18:55;00:50
01.04.96;POP;CGN;20:50;05:20;08:30
27.03.96;STR;LIS;06:35;09:50;03:15
27.03.96;LIS;PUJ;10:40;18:45;08:05
15.03.96;SXF;MUC;05:50;07:05;01:15
15.03.96;MUC;SXF;09:52;10:52;01:00
10.03.96;FRA;LPA;11:35;15:57;04:22
10.03.96;LPA;FRA;17:15;21:28;04:13
04.03.96;FXE;FXE;23:50;10:00;10:10
02.03.96;FXE;FXE;15:00;16:10;01:10
28.02.96;FXE;FXE;00:20;01:40;01:20
26.02.96;FXE;FXE;23:20;00:05;00:45
26.02.96;FXE;FXE;16:00;16:50;00:50
24.02.96;FXE;FXE;18:00;19:10;01:10
20.02.96;SXF;ACE;10:00;14:50;04:50
20.02.96;ACE;SXF;15:55;20:10;04:15
18.02.96;FRA;LPA;04:23;08:56;04:33
18.02.96;LPA;STR;09:53;13:32;03:39
12.02.96;SXF;FUE;10:30;15:25;04:55
12.02.96;FUE;SXF;16:25;20:55;04:30
11.02.96;SXF;LPA;05:25;10:05;04:40
11.02.96;LPA;SXF;11:10;16:00;04:50
09.02.96;SXF;MUC;05:00;06:05;01:05
03.02.96;SHJ;SIN;06:50;13:54;07:04
21.01.96;STR;LPA;05:03;09:29;04:26
21.01.96;LPA;STR;10:25;14:11;03:46
19.01.96;MUC;PFO;08:38;11:42;03:04
19.01.96;PFO;LCA;12:45;13:10;00:25
19.01.96;LCA;MUC;14:18;17:51;03:33
12.01.96;MUC;MIR;08:58;11:19;02:21
12.01.96;MIR;MUC;16:43;18:40;01:57
05.01.96;MUC;HRG;08:09;11:56;03:47
05.01.96;HRG;MUC;13:35;18:08;04:33
03.01.96;DUS;LPA;05:22;09:52;04:30
03.01.96;LPA;DUS;11:08;15:05;03:57
01.01.96;SXF;FUE;10:40;15:58;05:18
01.01.96;FUE;SXF;17:00;21:02;04:02
01.01.96;SXF;FRA;22:10;23:47;01:37
18.09.95;MUC;DUS;11:15;12:10;00:55
17.09.95;MUC;AYT;04:15;07:07;02:52
17.09.95;AYT;DUS;08:15;11:49;03:34
15.09.95;MUC;LCA;06:30;09:54;03:24
15.09.95;LCA;MUC;10:58;14:19;03:21
14.09.95;LEJ;RHO;03:25;06:30;03:05
14.09.95;RHO;MUC;07:38;10:18;02:40
07.09.95;ADB;MUC;00:25;03:10;02:45
07.09.95;LEJ;ADB;20:10;22:33;02:23
05.09.95;LEJ;CFU;04:20;06:45;02:25
05.09.95;CFU;LEJ;08:15;10:40;02:25
03.09.95;DUS;AYT;13:00;16:55;03:55
03.09.95;AYT;DUS;17:55;21:15;03:20
01.09.95;ISL;FRA;00:40;03:17;02:37
31.08.95;FRA;ISL;20:30;23:16;02:46
29.08.95;CGN;ACE;06:00;10:00;04:00
29.08.95;ACE;CGN;10:50;14:45;03:55
27.08.95;CGN;LPA;13:10;17:25;04:15
27.08.95;LPA;CGN;18:30;22:35;04:05
26.08.95;CGN;PMI;17:25;19:35;02:10
26.08.95;PMI;CGN;21:05;22:20;01:15
25.08.95;HAJ;HER;13:05;16:15;03:10
25.08.95;HER;CGN;18:15;21:30;03:15
17.08.95;FXE;FXE;16:10;17:00;00:50
15.08.95;FXE;FXE;19:10;20:00;00:50
14.08.95;FXE;FXE;22:05;23:00;00:55
13.08.95;FXE;FXE;01:10;01:55;00:45
13.08.95;FXE;FXE;16:10;16:50;00:40
12.08.95;FXE;FXE;23:55;00:55;01:00
11.08.95;FXE;FXE;23:05;23:55;00:50
11.08.95;FXE;FXE;19:30;20:25;00:55
05.08.95;DUS;PMI;15:05;17:15;02:10
05.08.95;PMI;DUS;18:20;20:30;02:10
04.08.95;DUS;HER;05:03;08:11;03:08
04.08.95;HER;SXF;09:50;12:45;02:55
01.08.95;CGN;ACE;06:45;10:45;04:00
01.08.95;ACE;CGN;11:46;15:46;04:00
30.07.95;CGN;LPA;12:56;17:00;04:04
30.07.95;LPA;CGN;18:05;22:22;04:17
29.07.95;CGN;PMI;17:39;19:40;02:01
29.07.95;PMI;CGN;20:55;23:05;02:10
27.07.95;FRA;FRA;17:00;17:10;00:10
27.07.95;FRA;FRA;19:20;20:00;00:40
24.07.95;FRA;HER;14:40;17:45;03:05
24.07.95;HER;FRA;18:40;21:45;03:05
22.07.95;MUC;TFS;12:10;20:26;08:16
22.07.95;TFS;MUC;18:30;22:37;04:07
20.07.95;MUC;RHO;13:20;16:12;02:52
20.07.95;RHO;LEJ;17:20;20:26;03:06
15.07.95;FXE;FXE;13:40;14:30;00:50
13.07.95;FXE;FXE;20:05;21:00;00:55
10.07.95;FXE;FXE;14:20;15:10;00:50
09.07.95;FXE;FXE;23:50;00:45;00:55
01.07.95;FRA;STR;05:50;06:30;00:40
29.06.95;STR;TFS;11:13;15:33;04:20
29.06.95;TFS;STR;17:05;21:01;03:56
26.06.95;FRA;FUE;03:25;07:37;04:12
26.06.95;FUE;FRA;09:55;14:03;04:08
16.06.95;HAJ;HER;09:59;13:21;03:22
16.06.95;HER;CGN;14:27;17:32;03:05
15.06.95;LEJ;RHO;04:47;07:56;03:09
15.06.95;RHO;MUC;09:50;12:30;02:40
13.06.95;LEJ;ACE;11:24;15:53;04:29
13.06.95;ACE;LEJ;17:16;21:25;04:09
12.06.95;LEJ;FUE;06:16;10:37;04:21
12.06.95;FUE;HAM;11:44;16:04;04:20
12.06.95;HAM;LEJ;16:44;17:38;00:54
11.06.95;FRA;PMI;03:05;05:08;02:03
11.06.95;PMI;ERF;06:05;08:17;02:12
06.06.95;STR;MIR;15:50;18:07;02:17
06.06.95;MIR;STR;19:14;21:31;02:17
05.06.95;STR;DJE;15:05;17:37;02:32
05.06.95;DJE;STR;18:37;21:10;02:33
04.06.95;CGN;LPA;12:30;16:46;04:16
04.06.95;LPA;CGN;17:40;21:45;04:05
03.06.95;CGN;PMI;17:30;19:33;02:03
03.06.95;PMI;CGN;20:56;23:05;02:09
26.05.95;DUS;HER;04:00;07:30;03:30
26.05.95;HER;SXF;08:20;11:12;02:52
24.05.95;DUS;PMI;15:34;17:47;02:13
24.05.95;PMI;DUS;18:55;21:08;02:13
23.05.95;DUS;ACE;07:40;11:40;04:00
23.05.95;ACE;DUS;12:50;16:57;04:07
22.05.95;DRS;HER;12:30;15:37;03:07
22.05.95;HER;DUS;16:25;19:34;03:09
19.05.95;FRA;PMI;05:20;07:10;01:50
19.05.95;PMI;FRA;08:30;10:40;02:10
16.05.95;FXE;FXE;23:15;00:00;00:45
14.05.95;FXE;FXE;23:30;00:20;00:50
13.05.95;FXE;FXE;16:00;16:15;00:15
12.05.95;EYW;FXE;10:50;12:00;01:10
11.05.95;EYW;EYW;11:15;12:00;00:45
10.05.95;FXE;FXE;22:45;23:30;00:45
10.05.95;FXE;EYW;08:50;10:00;01:10
08.05.95;EYW;FXE;23:45;00:55;01:10
07.05.95;FXE;EYW;14:30;15:40;01:10
28.04.95;CGN;STR;04:30;05:25;00:55
28.04.95;STR;HER;06:20;09:26;03:06
28.04.95;HER;HAM;10:35;14:25;03:50
24.04.95;DRS;HER;13:40;16:22;02:42
24.04.95;HER;HAJ;17:26;20:30;03:04
24.04.95;HAJ;FRA;21:20;22:18;00:58
23.04.95;SXF;PMI;12:25;15:44;03:19
23.04.95;PMI;HAM;16:44;19:00;02:16
21.04.95;LEJ;ATH;13:03;15:51;02:48
21.04.95;ATH;SXF;17:10;19:50;02:40
20.04.95;FRO;RHO;02:13;05:16;03:03
20.04.95;RHO;LEJ;06:25;09:17;02:52
16.04.95;STR;PMI;06:15;08:03;01:48
16.04.95;PMI;STR;09:15;11:10;01:55
15.04.95;STR;HER;04:10;07:02;02:52
15.04.95;HER;STR;08:22;11:19;02:57
14.04.95;DUS;HER;04:15;07:27;03:12
14.04.95;HER;HAJ;09:13;12:18;03:05
05.04.95;PUJ;POP;18:55;19:42;00:47
05.04.95;POP;STR;21:20;06:10;08:50
29.03.95;STR;LIS;06:05;09:05;03:00
29.03.95;LIS;PUJ;10:00;17:55;07:55
30.01.95;SHJ;SHJ;20:25;20:45;00:20
30.01.95;SHJ;FRA;21:21;04:07;06:46
29.01.95;FRA;SHJ;19:20;01:12;05:52
14.01.95;STR;LPA;11:20;15:12;03:52
14.01.95;LPA;TFS;16:13;16:50;00:37
14.01.95;TFS;STR;18:03;22:20;04:17
13.01.95;CGN;MUC;05:25;06:20;00:55
13.01.95;MUC;STR;20:10;20:50;00:40
07.01.95;STR;LPA;05:08;08:49;03:41
07.01.95;LPA;STR;10:19;14:35;04:16
06.01.95;MUC;LCA;09:07;12:20;03:13
06.01.95;LCA;MUC;13:21;16:46;03:25
05.01.95;FRA;TFS;01:16;05:11;03:55
05.01.95;TFS;FRA;06:18;10:44;04:26
30.12.94;MUC;FRA;20:01;21:02;01:01
29.12.94;STR;FUE;11:40;15:42;04:02
29.12.94;FUE;STR;16:50;20:45;03:55
27.12.94;CGN;ACE;13:58;18:00;04:02
27.12.94;ACE;CGN;18:50;22:46;03:56
22.10.94;ISL;MUC;14:15;16:44;02:29
21.10.94;FRA;ISL;18:40;21:30;02:50
19.10.94;FRA;CPH;11:05;12:39;01:34
19.10.94;CPH;FRA;13:05;14:27;01:22
19.10.94;FRA;FCO;15:58;17:42;01:44
19.10.94;FCO;FRA;18:30;20:30;02:00
17.10.94;FRA;KBP;08:40;11:04;02:24
17.10.94;KBP;FRA;12:03;14:58;02:55
13.10.94;CGN;DRS;05:40;06:48;01:08
13.10.94;DRS;CGN;08:20;09:27;01:07
13.10.94;CGN;DRS;09:55;10:58;01:03
13.10.94;DRS;FRA;11:08;11:58;00:50
12.10.94;DUS;CDG;06:27;07:30;01:03
12.10.94;CDG;DUS;08:54;10:06;01:12
11.10.94;BRE;MUC;05:47;07:04;01:17
11.10.94;MUC;NCE;07:40;09:03;01:23
11.10.94;NCE;MUC;09:45;11:05;01:20
10.10.94;BRE;STR;05:30;06:28;00:58
10.10.94;STR;BRE;07:04;08:13;01:09
10.10.94;BRE;LHR;08:48;10:11;01:23
10.10.94;LHR;BRE;10:55;12:17;01:22
09.10.94;FRA;HAM;07:00;08:05;01:05
09.10.94;HAM;FRA;08:45;09:40;00:55
28.09.94;BUD;FRA;06:15;08:00;01:45
28.09.94;FRA;PMI;08:55;11:02;02:07
28.09.94;PMI;FRA;11:55;13:59;02:04
27.09.94;GVA;FRA;06:00;07:12;01:12
27.09.94;FRA;BUD;08:25;09:50;01:25
25.09.94;FRA;SVO;12:05;15:04;02:59
25.09.94;SVO;FRA;16:10;19:38;03:28
25.09.94;FRA;GVA;20:45;21:46;01:01
03.09.94;STR;DRS;05:32;06:26;00:54
03.09.94;DRS;STR;07:06;07:54;00:48
03.09.94;STR;FRA;12:41;13:18;00:37
02.09.94;STR;LEJ;10:53;11:42;00:49
02.09.94;LEJ;STR;12:30;13:21;00:51
02.09.94;STR;DUS;14:04;14:58;00:54
02.09.94;DUS;STR;15:34;16:32;00:58
01.09.94;DRS;STR;14:29;15:21;00:52
01.09.94;STR;DUS;16:17;17:25;01:08
01.09.94;DUS;STR;17:54;18:44;00:50
31.08.94;FRA;DRS;19:25;20:18;00:53
29.08.94;FRA;CGN;06:35;07:11;00:36
29.08.94;CGN;FRA;08:15;08:50;00:35
22.08.94;TXL;LHR;06:07;08:16;02:09
22.08.94;LHR;TXL;09:00;10:44;01:44
22.08.94;TXL;MUC;11:35;12:51;01:16
22.08.94;MUC;TXL;13:35;14:50;01:15
21.08.94;TXL;MUC;06:35;07:45;01:10
21.08.94;MUC;CAG;08:50;10:45;01:55
21.08.94;CAG;MUC;11:42;13:35;01:53
21.08.94;MUC;TXL;14:47;15:57;01:10
20.08.94;STR;TXL;10:22;11:37;01:15
20.08.94;TXL;STR;12:30;13:34;01:04
20.08.94;STR;TXL;14:25;15:36;01:11
19.08.94;TXL;STR;10:35;11:44;01:09
19.08.94;STR;TXL;12:28;13:35;01:07
19.08.94;TXL;STR;14:37;15:53;01:16
19.08.94;STR;TXL;16:30;17:44;01:14
19.08.94;TXL;STR;18:15;19:20;01:05
18.08.94;FRA;TXL;13:30;14:41;01:11
18.08.94;TXL;ZRH;16:29;17:54;01:25
18.08.94;ZRH;TXL;18:37;20:00;01:23
04.08.94;BRE;FRA;05:55;06:59;01:04
04.08.94;FRA;FBU;07:55;09:50;01:55
04.08.94;FBU;GOT;10:30;11:25;00:55
04.08.94;GOT;FRA;11:50;13:35;01:45
03.08.94;MUC;BRE;04:30;05:49;01:19
03.08.94;BRE;LHR;08:15;09:42;01:27
03.08.94;LHR;BRE;10:10;11:29;01:19
02.08.94;BRE;MUC;04:35;05:54;01:19
02.08.94;MUC;NCE;07:50;09:11;01:21
02.08.94;NCE;MUC;09:55;10:19;00:24
01.08.94;FRA;MUC;07:00;08:03;01:03
01.08.94;MUC;FRA;08:48;09:46;00:58
01.08.94;FRA;BRE;11:05;12:00;00:55
19.07.94;HAJ;FRA;06:06;07:05;00:59
19.07.94;FRA;MSQ;08:02;10:19;02:17
19.07.94;MSQ;FRA;11:19;13:59;02:40
18.07.94;FRA;HAJ;06:17;07:04;00:47
18.07.94;HAJ;LHR;07:46;09:13;01:27
18.07.94;LHR;HAJ;10:03;11:21;01:18
10.07.94;FRA;CGN;11:10;11:59;00:49
10.07.94;CGN;FRA;12:30;13:07;00:37
10.07.94;FRA;WAW;14:20;16:15;01:55
10.07.94;WAW;FRA;16:55;18:35;01:40
09.07.94;FRA;BRU;11:26;12:16;00:50
09.07.94;BRU;FRA;12:50;13:39;00:49
08.07.94;FRA;ZRH;19:02;19:50;00:48
05.07.94;FRA;TXL;12:37;13:47;01:10
05.07.94;TXL;FRA;14:33;15:43;01:10
05.07.94;FRA;TXL;16:39;17:40;01:01
05.07.94;TXL;FRA;18:30;19:34;01:04
04.07.94;CGN;MUC;15:01;16:02;01:01
04.07.94;MUC;CGN;16:34;17:44;01:10
04.07.94;CGN;MUC;18:20;19:38;01:18
03.07.94;MUC;DUS;08:30;09:33;01:03
03.07.94;DUS;MUC;10:45;11:50;01:05
03.07.94;MUC;TXL;13:32;14:40;01:08
03.07.94;TXL;MUC;15:32;16:41;01:09
03.07.94;MUC;CGN;17:38;18:40;01:02
02.07.94;MUC;LED;10:33;13:34;03:01
02.07.94;LED;MUC;14:37;17:32;02:55
01.07.94;MUC;HAJ;13:34;14:38;01:04
01.07.94;HAJ;MUC;15:10;16:17;01:07
01.07.94;MUC;DRS;16:57;17:47;00:50
01.07.94;DRS;MUC;18:25;19:15;00:50
25.06.94;CGN;FRA;05:45;06:43;00:58
24.06.94;CGN;MUC;05:48;06:44;00:56
24.06.94;MUC;CGN;07:45;08:44;00:59
23.06.94;FRA;MAN;05:30;07:27;01:57
23.06.94;MAN;FRA;08:04;10:12;02:08
20.06.94;STR;FRA;05:00;05:55;00:55
20.06.94;FRA;BRE;07:11;08:01;00:50
20.06.94;BRE;FRA;08:40;09:30;00:50
19.06.94;STR;IBZ;04:00;06:18;02:18
19.06.94;IBZ;STR;07:25;09:41;02:16
18.06.94;HAM;STR;06:20;07:27;01:07
17.06.94;CGN;HAM;04:30;05:26;00:56
17.06.94;HAM;CGN;06:05;07:04;00:59
17.06.94;CGN;HAM;07:50;08:50;01:00
17.06.94;HAM;CGN;09:58;10:48;00:50
16.06.94;FRA;TXL;04:26;05:35;01:09
16.06.94;TXL;FRA;06:33;07:45;01:12
16.06.94;FRA;TXL;08:55;09:52;00:57
16.06.94;TXL;CGN;12:30;13:34;01:04
13.06.94;FRA;NUE;11:15;12:00;00:45
13.06.94;NUE;FRA;12:30;13:12;00:42
13.06.94;FRA;NUE;15:35;16:18;00:43
13.06.94;NUE;FRA;16:45;17:30;00:45
12.06.94;STR;TXL;12:27;13:39;01:12
12.06.94;TXL;CGN;14:30;15:29;00:59
12.06.94;CGN;TXL;16:45;17:49;01:04
12.06.94;TXL;CGN;18:30;19:29;00:59
11.06.94;STR;CHQ;11:15;14:15;03:00
11.06.94;CHQ;STR;15:20;18:28;03:08
10.06.94;STR;DUS;14:00;15:03;01:03
10.06.94;DUS;STR;15:42;16:43;01:01
10.06.94;STR;DUS;17:14;18:10;00:56
10.06.94;DUS;STR;18:45;19:42;00:57
09.06.94;FRA;LEJ;11:06;11:56;00:50
09.06.94;LEJ;STR;14:03;14:59;00:56
09.06.94;STR;HAJ;15:57;16:53;00:56
09.06.94;HAJ;STR;17:25;18:22;00:57
04.06.94;ZRH;FRA;04:56;06:01;01:05
04.06.94;FRA;SKG;07:10;09:35;02:25
04.06.94;SKG;FRA;10:45;13:20;02:35
03.06.94;LIS;FRA;06:09;08:59;02:50
01.06.94;FRA;NAP;11:57;13:52;01:55
01.06.94;NAP;FRA;15:05;17:05;02:00
01.06.94;FRA;LIS;18:46;22:06;03:20
15.04.94;DUS;WAW;09:32;11:35;02:03
15.04.94;WAW;DUS;12:34;14:21;01:47
15.04.94;DUS;CPH;14:55;16:22;01:27
15.04.94;CPH;DUS;17:30;18:46;01:16
09.04.94;TXL;CGN;15:35;16:43;01:08
09.04.94;CGN;FRA;17:50;18:53;01:03
08.04.94;TXL;LHR;11:15;13:10;01:55
08.04.94;LHR;TXL;14:15;16:00;01:45
08.04.94;TXL;ZRH;16:33;18:04;01:31
08.04.94;ZRH;TXL;18:42;20:05;01:23
07.04.94;CGN;TXL;08:45;09:52;01:07
07.04.94;TXL;CGN;12:28;13:31;01:03
07.04.94;CGN;TXL;14:42;15:43;01:01
07.04.94;TXL;CGN;16:27;17:27;01:00
07.04.94;CGN;TXL;18:42;19:40;00:58
06.04.94;LEJ;CGN;12:12;13:05;00:53
06.04.94;CGN;LEJ;13:42;14:33;00:51
06.04.94;LEJ;HAM;15:17;16:02;00:45
06.04.94;HAM;LEJ;16:52;17:35;00:43
06.04.94;LEJ;CGN;18:06;19:00;00:54
05.04.94;BRE;FRA;16:47;18:02;01:15
05.04.94;FRA;LEJ;19:20;20:13;00:53
27.03.94;FRA;FBU;08:05;10:10;02:05
27.03.94;FBU;GOT;10:45;11:25;00:40
27.03.94;GOT;FRA;11:50;13:25;01:35
27.03.94;FRA;LEJ;14:50;15:40;00:50
25.03.94;FRA;HAM;06:00;07:03;01:03
25.03.94;HAM;FRA;07:40;08:43;01:03
25.03.94;FRA;HAM;09:57;10:57;01:00
25.03.94;HAM;FRA;11:44;12:47;01:03
21.03.94;FRA;DRS;11:55;12:55;01:00
21.03.94;DRS;FRA;14:00;14:55;00:55
21.03.94;FRA;MUC;16:58;17:48;00:50
21.03.94;MUC;FRA;18:33;19:33;01:00
20.03.94;STR;LHR;08:53;10:44;01:51
20.03.94;LHR;STR;11:30;12:49;01:19
20.03.94;STR;LEJ;15:28;16:22;00:54
20.03.94;LEJ;STR;17:22;18:12;00:50
19.03.94;STR;HAM;07:10;08:25;01:15
19.03.94;HAM;STR;08:51;09:58;01:07
18.03.94;STR;TXL;05:30;06:41;01:11
18.03.94;TXL;STR;07:45;08:51;01:06
18.03.94;STR;TXL;09:29;10:37;01:08
18.03.94;TXL;STR;11:35;12:46;01:11
17.03.94;STR;HAJ;06:10;07:10;01:00
17.03.94;HAJ;STR;07:30;08:30;01:00
17.03.94;STR;LHR;08:59;10:59;02:00
17.03.94;LHR;STR;11:35;12:57;01:22
12.03.94;DUS;FRA;06:32;07:40;01:08
11.03.94;DUS;DUS;06:41;06:53;00:12
11.03.94;DUS;MUC;07:47;08:43;00:56
11.03.94;MUC;DUS;09:15;10:13;00:58
10.03.94;DUS;MUC;06:43;08:00;01:17
09.03.94;DUS;MUC;06:43;07:55;01:12
09.03.94;MUC;DUS;08:25;09:41;01:16
08.03.94;FRA;MUC;07:00;07:53;00:53
08.03.94;MUC;FRA;08:41;09:35;00:54
05.03.94;FMO;MUC;06:10;07:12;01:02
03.03.94;BUD;MUC;15:35;16:50;01:15
03.03.94;MUC;FMO;18:30;19:49;01:19
02.03.94;MUC;MSQ;10:15;12:29;02:14
02.03.94;MSQ;MUC;13:45;16:03;02:18
02.03.94;MUC;BUD;18:30;19:35;01:05
01.03.94;FRA;MUC;14:55;15:50;00:55
01.03.94;MUC;CDG;17:28;18:58;01:30
01.03.94;CDG;MUC;19:55;21:17;01:22
27.02.94;BRE;LGW;08:41;10:10;01:29
27.02.94;LGW;BRE;10:57;12:06;01:09
27.02.94;FRA;KTW;15:35;17:04;01:29
27.02.94;KTW;FRA;17:55;19:35;01:40
26.02.94;BRE;FRA;05:36;06:30;00:54
26.02.94;FRA;STR;07:20;08:00;00:40
26.02.94;STR;FRA;09:48;10:33;00:45
26.02.94;FRA;BRE;11:59;12:50;00:51
25.02.94;BRE;STR;05:30;06:32;01:02
25.02.94;STR;BRE;07:05;08:22;01:17
25.02.94;BRE;LGW;08:50;10:15;01:25
25.02.94;LGW;BRE;11:00;12:10;01:10
24.02.94;FRA;BHX;06:50;08:31;01:41
24.02.94;BHX;FRA;09:09;10:50;01:41
24.02.94;FRA;BRE;12:07;13:02;00:55
22.02.94;FRA;ARN;02:30;04:35;02:05
22.02.94;ARN;HEL;05:20;06:35;01:15
22.02.94;HEL;FRA;08:00;11:09;03:09
18.02.94;NUE;FRA;13:30;14:17;00:47
17.02.94;NUE;CGN;15:20;16:10;00:50
17.02.94;CGN;NUE;16:35;17:14;00:39
17.02.94;NUE;LHR;17:55;19:44;01:49
17.02.94;LHR;NUE;20:29;22:03;01:34
16.02.94;NUE;CGN;15:12;16:01;00:49
16.02.94;CGN;NUE;16:32;17:16;00:44
16.02.94;NUE;LHR;17:50;19:29;01:39
16.02.94;LHR;NUE;20:28;21:56;01:28
15.02.94;NUE;CGN;15:11;16:08;00:57
15.02.94;CGN;NUE;16:33;17:16;00:43
15.02.94;NUE;LHR;17:51;19:38;01:47
15.02.94;LHR;NUE;20:40;22:14;01:34
14.02.94;NUE;CGN;15:10;16:00;00:50
14.02.94;CGN;NUE;16:30;17:17;00:47
14.02.94;NUE;LHR;18:05;19:47;01:42
14.02.94;LHR;NUE;20:27;22:04;01:37
09.02.94;HAM;CDG;06:20;07:38;01:18
09.02.94;CDG;HAM;08:28;10:11;01:43
08.02.94;HAM;CDG;06:15;07:50;01:35
08.02.94;CDG;HAM;08:30;10:20;01:50
07.02.94;HAM;CDG;06:25;07:51;01:26
07.02.94;CDG;HAM;08:30;10:08;01:38
06.02.94;FRA;HAM;15:05;15:58;00:53
26.01.94;TRN;FRA;06:00;07:37;01:37
26.01.94;FRA;FBU;09:00;11:00;02:00
26.01.94;FBU;GOT;11:30;12:20;00:50
26.01.94;GOT;FRA;12:40;14:15;01:35
24.01.94;FCO;FRA;12:15;14:28;02:13
24.01.94;FRA;MAN;15:15;17:00;01:45
24.01.94;MAN;FRA;17:45;19:40;01:55
24.01.94;FRA;TRN;20:25;21:35;01:10
23.01.94;FRA;VCE;15:30;16:45;01:15
23.01.94;VCE;FRA;17:50;19:25;01:35
23.01.94;FRA;FCO;20:05;21:45;01:40
19.01.94;FRA;TXL;17:40;18:44;01:04
19.01.94;TXL;FRA;19:23;20:27;01:04
18.01.94;HAM;DUS;13:00;13:45;00:45
18.01.94;DUS;HAM;14:30;15:30;01:00
18.01.94;HAM;CDG;16:55;18:12;01:17
18.01.94;CDG;HAM;18:59;20:44;01:45
17.01.94;HAM;LHR;11:25;12:45;01:20
17.01.94;LHR;HAJ;13:54;15:19;01:25
17.01.94;HAJ;LHR;16:07;17:38;01:31
17.01.94;LHR;HAM;18:36;20:07;01:31
14.01.94;FRA;GRZ;15:40;16:55;01:15
14.01.94;GRZ;FRA;17:40;19:12;01:32
10.01.94;DUS;BUD;12:56;14:45;01:49
10.01.94;BUD;MUC;15:39;16:59;01:20
10.01.94;MUC;LHR;18:35;20:30;01:55
10.01.94;LHR;LHR;21:04;21:17;00:13
10.01.94;LHR;FRA;22:14;23:28;01:14
09.01.94;DUS;CPH;15:59;17:13;01:14
09.01.94;CPH;DUS;18:13;19:24;01:11
08.01.94;MUC;CGN;06:00;07:05;01:05
08.01.94;CGN;MUC;07:50;08:50;01:00
08.01.94;MUC;SVO;10:00;13:05;03:05
08.01.94;SVO;DUS;13:54;17:25;03:31
07.01.94;LHR;LHR;06:27;06:47;00:20
07.01.94;LHR;MUC;08:17;10:00;01:43
07.01.94;FRA;LHR;08:30;09:45;01:15
27.12.93;MUC;FRA;08:45;09:43;00:58
27.12.93;FRA;MUC;11:00;11:55;00:55
27.12.93;MUC;FRA;12:45;13:44;00:59
26.12.93;FRA;GVA;08:05;09:14;01:09
26.12.93;GVA;FRA;09:58;11:14;01:16
26.12.93;FRA;CGN;12:09;12:40;00:31
26.12.93;CGN;FRA;13:29;14:21;00:52
24.12.93;FRA;GVA;08:08;09:06;00:58
24.12.93;GVA;FRA;09:43;11:00;01:17
24.12.93;FRA;STR;12:12;12:55;00:43
24.12.93;STR;FRA;13:38;14:12;00:34
19.12.93;FRA;STR;07:15;08:00;00:45
19.12.93;STR;FRA;09:50;10:55;01:05
15.12.93;FRA;FCO;16:18;18:05;01:47
15.12.93;FCO;FRA;18:53;20:55;02:02
14.12.93;FRA;PRG;16:17;17:25;01:08
14.12.93;PRG;FRA;18:00;19:20;01:20
14.12.93;FRA;ZRH;20:00;20:55;00:55
13.12.93;MUC;SVO;10:05;13:02;02:57
13.12.93;SVO;DUS;14:40;18:30;03:50
13.12.93;DUS;NUE;19:04;20:04;01:00
07.12.93;DUS;MUC;06:45;07:53;01:08
07.12.93;MUC;DUS;08:30;09:45;01:15
07.12.93;DUS;HAJ;16:15;17:10;00:55
07.12.93;HAJ;FRA;17:40;18:50;01:10
06.12.93;DUS;MUC;06:45;08:00;01:15
06.12.93;MUC;DUS;08:40;09:48;01:08
05.12.93;DUS;LHR;06:05;07:18;01:13
05.12.93;LHR;DUS;08:14;09:15;01:01
04.12.93;DUS;DRS;06:55;07:54;00:59
04.12.93;DRS;DUS;08:40;09:50;01:10
03.12.93;FRA;MUC;07:05;07:55;00:50
30.11.93;FRA;LEJ;12:20;13:37;01:17
30.11.93;LEJ;FRA;14:16;15:08;00:52
30.11.93;FRA;DRS;16:07;17:16;01:09
30.11.93;DRS;FRA;18:35;19:35;01:00
29.11.93;STR;DUS;15:00;15:58;00:58
29.11.93;DUS;STR;16:30;17:31;01:01
29.11.93;STR;DRS;18:05;19:06;01:01
29.11.93;DRS;STR;19:35;20:40;01:05
28.11.93;STR;HAM;16:28;17:45;01:17
28.11.93;HAM;STR;19:00;20:04;01:04
27.11.93;STR;ESB;14:25;17:38;03:13
27.11.93;ESB;STR;18:42;21:55;03:13
25.11.93;TRS;FRA;06:05;07:44;01:39
23.11.93;FRA;ARN;14:24;17:14;02:50
23.11.93;ARN;FRA;17:53;20:00;02:07
23.11.93;FRA;VCE;21:02;22:12;01:10
20.11.93;FRA;CGN;15:50;16:33;00:43
20.11.93;CGN;FRA;17:55;18:40;00:45
19.11.93;LEJ;DUS;11:55;12:47;00:52
19.11.93;DUS;LEJ;13:25;14:25;01:00
19.11.93;LEJ;STR;15:00;15:53;00:53
19.11.93;STR;HAJ;16:57;17:55;00:58
19.11.93;HAJ;STR;18:25;19:23;00:58
18.11.93;FRA;CPH;11:05;12:40;01:35
18.11.93;CPH;FRA;13:07;14:28;01:21
18.11.93;FRA;GRZ;15:45;17:12;01:27
18.11.93;GRZ;FRA;17:43;19:03;01:20
18.11.93;FRA;LEJ;20:25;21:23;00:58
02.11.93;FRA;MUC;06:05;07:17;01:12
02.11.93;MUC;FRA;07:58;09:01;01:03
02.11.93;FRA;MUC;10:08;11:04;00:56
02.11.93;MUC;FRA;14:44;15:37;00:53
21.10.93;FRA;MUC;08:05;09:00;00:55
21.10.93;MUC;FRA;09:50;10:56;01:06
21.10.93;FRA;MUC;11:40;12:49;01:09
21.10.93;MUC;FRA;14:30;15:28;00:58
18.10.93;ISL;FRA;04:20;07:38;03:18
17.10.93;FCO;MUC;07:05;08:35;01:30
17.10.93;MUC;ISL;09:45;12:04;02:19
16.10.93;FCO;FRA;06:05;08:16;02:11
16.10.93;FRA;FCO;10:10;11:54;01:44
16.10.93;FCO;BRI;13:00;14:00;01:00
16.10.93;BRI;FCO;14:25;15:24;00:59
15.10.93;BRU;MUC;06:53;08:13;01:20
15.10.93;MUC;FCO;10:05;12:07;02:02
14.10.93;FRA;CDG;07:35;08:49;01:14
14.10.93;CDG;FRA;09:35;11:04;01:29
12.10.93;VIE;DUS;07:14;08:46;01:32
12.10.93;DUS;FRA;10:25;11:27;01:02
11.10.93;DUS;VIE;17:25;18:55;01:30
10.10.93;DUS;MAD;14:55;17:32;02:37
10.10.93;MAD;DUS;18:18;20:27;02:09
09.10.93;FRA;AMS;08:00;09:09;01:09
09.10.93;AMS;FRA;09:55;11:15;01:20
09.10.93;FRA;HEL;12:30;14:49;02:19
09.10.93;HEL;DUS;15:25;17:52;02:27
06.10.93;HAM;TXL;06:00;06:44;00:44
06.10.93;TXL;FRA;09:14;10:19;01:05
05.10.93;HAM;DUS;06:29;07:21;00:52
05.10.93;DUS;BCN;08:00;10:28;02:28
05.10.93;BCN;DUS;11:10;13:15;02:05
05.10.93;DUS;HAM;13:48;14:39;00:51
04.10.93;HAM;DUS;06:30;07:20;00:50
04.10.93;DUS;BCN;07:59;10:05;02:06
04.10.93;BCN;DUS;10:50;13:00;02:10
04.10.93;DUS;HAM;13:37;14:32;00:55
03.10.93;HAM;DUS;06:30;07:16;00:46
03.10.93;DUS;BCN;07:57;09:45;01:48
03.10.93;BCN;DUS;10:50;13:16;02:26
03.10.93;DUS;HAM;13:50;14:54;01:04
02.10.93;FRA;TUN;08:23;10:58;02:35
02.10.93;TUN;FRA;11:50;14:09;02:19
27.09.93;AMS;FRA;13:45;15:07;01:22
27.09.93;FRA;HEL;16:04;18:40;02:36
27.09.93;HEL;ARN;19:25;20:25;01:00
27.09.93;ARN;FRA;21:10;23:10;02:00
26.09.93;MUC;SOF;09:55;11:56;02:01
26.09.93;SOF;MUC;14:15;16:11;01:56
26.09.93;MUC;AMS;17:25;19:55;02:30
25.09.93;FCO;MUC;05:55;07:36;01:41
25.09.93;MUC;ISL;08:40;11:24;02:44
25.09.93;ISL;MUC;12:15;14:50;02:35
24.09.93;FCO;FRA;05:05;07:18;02:13
24.09.93;FRA;FCO;08:05;10:11;02:06
24.09.93;FCO;BRI;10:40;11:48;01:08
24.09.93;BRI;FCO;12:25;13:32;01:07
23.09.93;FRA;FCO;08:00;09:58;01:58
23.09.93;FCO;BRI;10:40;11:44;01:04
23.09.93;BRI;FCO;12:30;13:35;01:05
17.09.93;LNZ;FRA;04:50;06:03;01:13
17.09.93;FRA;GVA;07:04;08:11;01:07
17.09.93;GVA;FRA;08:50;10:18;01:28
15.09.93;FRA;SVQ;11:00;14:13;03:13
15.09.93;SVQ;FRA;14:45;17:37;02:52
15.09.93;FRA;LNZ;19:37;20:47;01:10
10.09.93;BUD;FRA;05:00;06:53;01:53
10.09.93;FRA;BUD;07:45;09:16;01:31
10.09.93;BUD;DUS;09:56;11:42;01:46
08.09.93;DUS;BUD;12:32;14:10;01:38
08.09.93;BUD;MUC;14:52;16:01;01:09
08.09.93;MUC;BUD;17:14;18:23;01:09
05.09.93;LEJ;FRA;12:34;13:25;00:51
05.09.93;FRA;DRS;15:09;16:06;00:57
05.09.93;DRS;FRA;17:35;18:32;00:57
04.09.93;MUC;FRA;04:32;05:32;01:00
04.09.93;FRA;DRS;07:12;08:16;01:04
04.09.93;DRS;FRA;08:47;09:40;00:53
04.09.93;FRA;LEJ;11:30;12:15;00:45
03.09.93;MUC;DRS;04:35;05:33;00:58
03.09.93;DRS;MUC;06:12;07:05;00:53
03.09.93;MUC;DRS;07:54;08:52;00:58
03.09.93;DRS;MUC;11:20;12:13;00:53
01.09.93;MUC;TXL;13:33;15:03;01:30
01.09.93;TXL;MUC;15:35;16:48;01:13
01.09.93;MUC;TXL;17:30;18:40;01:10
01.09.93;TXL;MUC;19:35;20:39;01:04
29.08.93;FRA;WAW;14:25;16:10;01:45
29.08.93;WAW;FRA;16:55;18:40;01:45
28.08.93;HAJ;FRA;13:05;14:24;01:19
28.08.93;FRA;LEJ;15:35;16:25;00:50
28.08.93;LEJ;FRA;16:55;17:46;00:51
27.08.93;HAJ;MUC;04:41;05:44;01:03
27.08.93;MUC;HAJ;06:27;07:34;01:07
26.08.93;MUC;FRA;04:57;05:54;00:57
26.08.93;FRA;BRE;07:17;08:11;00:54
26.08.93;BRE;FRA;08:45;09:40;00:55
26.08.93;FRA;HAJ;11:15;12:02;00:47
25.08.93;FRA;MUC;11:55;12:45;00:50
22.08.93;BCN;FRA;05:20;07:25;02:05
22.08.93;FRA;MSQ;08:30;10:45;02:15
22.08.93;MSQ;FRA;11:50;14:35;02:45
20.08.93;MUC;NCE;13:57;15:22;01:25
20.08.93;NCE;MUC;16:00;17:20;01:20
20.08.93;MUC;BCN;17:55;19:55;02:00
19.08.93;FRA;PRG;14:50;15:55;01:05
19.08.93;PRG;FRA;16:37;17:42;01:05
19.08.93;FRA;VIE;18:40;19:55;01:15
15.07.93;BRE;FRA;06:04;06:57;00:53
15.07.93;FRA;GLA;08:15;10:19;02:04
15.07.93;GLA;FRA;11:08;13:00;01:52
14.07.93;FRA;AMS;06:57;08:12;01:15
14.07.93;AMS;FRA;08:53;09:56;01:03
14.07.93;FRA;BRE;13:57;14:49;00:52
12.07.93;FMO;FRA;04:45;05:41;00:56
11.07.93;FRA;FMO;19:50;20:35;00:45
07.07.93;FRA;MLA;07:13;09:45;02:32
07.07.93;MLA;FRA;10:25;13:20;02:55
07.07.93;FRA;GVA;14:35;16:02;01:27
07.07.93;GVA;FRA;16:43;17:54;01:11
06.07.93;FRA;SXF;07:05;08:11;01:06
06.07.93;SXF;HAM;10:10;13:11;03:01
02.07.93;FRA;FCO;14:48;16:42;01:54
02.07.93;FCO;FRA;17:30;19:25;01:55
30.06.93;BRU;FRA;05:52;07:05;01:13
29.06.93;FRA;MAN;05:30;07:15;01:45
29.06.93;MAN;FRA;07:57;09:50;01:53
24.06.93;MUC;CGN;17:44;18:50;01:06
17.06.93;FRA;KBP;08:05;10:40;02:35
17.06.93;KBP;FRA;11:50;14:40;02:50
14.06.93;FRA;AGP;13:00;15:55;02:55
14.06.93;AGP;FRA;16:30;19:33;03:03
13.06.93;FRA;PRG;14:54;15:55;01:01
13.06.93;PRG;FRA;16:50;17:50;01:00
13.06.93;FRA;VIE;18:55;20:18;01:23
12.06.93;NUE;FRA;12:50;13:33;00:43
12.06.93;FRA;MAN;14:15;15:49;01:34
12.06.93;MAN;FRA;16:50;18:39;01:49
11.06.93;NUE;TXL;13:25;14:30;01:05
11.06.93;TXL;NUE;15:04;16:06;01:02
11.06.93;NUE;LHR;16:40;18:20;01:40
11.06.93;LHR;NUE;19:10;20:48;01:38
10.06.93;FRA;ARN;01:19;03:10;01:51
10.06.93;ARN;HEL;04:05;04:56;00:51
10.06.93;HEL;FRA;07:00;09:35;02:35
07.06.93;FRA;FRA;09:00;12:31;03:31
06.06.93;ARN;FRA;05:03;07:07;02:04
06.06.93;FRA;FBU;08:03;10:03;02:00
06.06.93;FBU;FRA;10:42;12:29;01:47
05.06.93;DUS;FRA;05:48;06:47;00:59
05.06.93;FRA;ARN;07:50;09:47;01:57
04.06.93;DUS;LIS;06:20;09:33;03:13
04.06.93;LIS;DUS;10:15;13:05;02:50
03.06.93;FRA;AMS;07:00;08:00;01:00
03.06.93;AMS;FRA;08:53;10:04;01:11
03.06.93;FRA;ZRH;11:10;12:01;00:51
03.06.93;ZRH;FRA;12:45;13:55;01:10
31.05.93;FCO;MUC;05:55;07:22;01:27
31.05.93;MUC;ISL;08:40;11:08;02:28
31.05.93;ISL;MUC;12:23;12:56;00:33
30.05.93;MUC;FCO;08:30;10:05;01:35
30.05.93;FCO;BRI;10:44;11:40;00:56
30.05.93;BRI;FCO;12:43;13:44;01:01
29.05.93;ATH;MUC;13:45;16:34;02:49
28.05.93;BRE;FRA;15:49;17:09;01:20
28.05.93;FRA;ATH;18:05;21:03;02:58
27.05.93;FRA;ISL;11:40;14:31;02:51
27.05.93;ISL;FRA;15:30;19:00;03:30
27.05.93;FRA;BRE;19:30;20:19;00:49
22.05.93;MUC;FRA;12:30;13:24;00:54
22.05.93;FRA;MUC;14:45;15:40;00:55
22.05.93;MUC;FRA;16:30;17:27;00:57
21.05.93;MUC;TXL;05:28;06:45;01:17
21.05.93;TXL;MUC;07:35;08:41;01:06
21.05.93;MUC;TXL;09:26;10:30;01:04
21.05.93;TXL;MUC;11:33;12:40;01:07
14.05.93;STR;BCN;10:05;12:13;02:08
14.05.93;BCN;HAJ;12:45;15:04;02:19
14.05.93;HAJ;BCN;15:55;18:07;02:12
14.05.93;BCN;STR;18:35;20:32;01:57
13.05.93;STR;BCN;10:10;12:07;01:57
13.05.93;BCN;HAJ;12:40;15:00;02:20
13.05.93;HAJ;BCN;15:30;17:47;02:17
13.05.93;BCN;STR;18:25;20:18;01:53
12.05.93;STR;BCN;10:05;12:05;02:00
12.05.93;BCN;HAJ;12:35;14:55;02:20
12.05.93;HAJ;BCN;15:28;17:42;02:14
12.05.93;BCN;STR;18:30;20:28;01:58
11.05.93;HAJ;BCN;15:28;17:48;02:20
11.05.93;BCN;STR;18:20;20:05;01:45
07.05.93;FRA;TXL;08:38;09:50;01:12
07.05.93;TXL;FRA;10:30;11:35;01:05
19.04.93;FRA;BRI;07:50;09:57;02:07
19.04.93;BRI;FRA;10:45;13:08;02:23
19.04.93;FRA;GRZ;14:50;16:05;01:15
19.04.93;GRZ;FRA;16:35;17:52;01:17
18.04.93;FRA;GVA;14:35;15:40;01:05
18.04.93;GVA;FRA;16:40;18:05;01:25
17.04.93;FRA;CGN;11:20;12:00;00:40
17.04.93;FRA;CGN;12:35;13:20;00:45
17.04.93;FRA;STR;14:50;15:33;00:43
17.04.93;STR;FRA;17:55;18:43;00:48
13.04.93;CDG;FRA;05:00;06:18;01:18
13.04.93;FRA;KBP;08:14;10:49;02:35
13.04.93;KBP;FRA;11:43;14:43;03:00
18.03.93;FRA;MUC;05:55;06:55;01:00
18.03.93;MUC;FRA;07:38;08:40;01:02
18.03.93;FRA;MUC;09:48;10:39;00:51
18.03.93;MUC;FRA;11:30;12:38;01:08
15.03.93;FRA;CDG;17:49;18:54;01:05
15.03.93;CDG;FRA;19:35;20:45;01:10
14.03.93;NAP;MUC;14:30;16:00;01:30
14.03.93;MUC;AMS;17:15;18:45;01:30
13.03.93;MUC;NAP;08:48;10:23;01:35
13.03.93;NAP;PMO;10:43;11:28;00:45
13.03.93;PMO;NAP;12:55;13:40;00:45
12.03.93;FRA;BHX;06:30;08:05;01:35
12.03.93;BHX;FRA;09:00;10:40;01:40
10.03.93;FRA;FRA;12:38;12:48;00:10
10.03.93;FRA;OTP;13:00;15:20;02:20
10.03.93;OTP;FRA;16:00;18:20;02:20
04.03.93;FRA;DRS;12:13;13:19;01:06
04.03.93;DRS;FRA;13:57;15:08;01:11
04.03.93;FRA;DRS;16:20;17:18;00:58
04.03.93;DRS;FRA;18:05;19:20;01:15
03.03.93;DUS;TXL;13:16;14:20;01:04
03.03.93;TXL;DUS;15:41;16:41;01:00
03.03.93;DUS;TXL;17:22;18:38;01:16
03.03.93;TXL;DUS;19:38;20:38;01:00
02.03.93;DUS;DRS;14:20;15:32;01:12
02.03.93;DRS;DUS;16:18;17:26;01:08
02.03.93;DUS;LEJ;18:04;19:03;00:59
02.03.93;LEJ;DUS;19:53;21:47;01:54
01.03.93;DUS;TXL;13:18;14:23;01:05
01.03.93;TXL;DUS;15:39;16:49;01:10
01.03.93;DUS;TXL;17:15;18:18;01:03
01.03.93;TXL;DUS;19:39;20:54;01:15
27.02.93;FRA;DRS;14:20;15:23;01:03
27.02.93;DRS;DUS;16:15;17:24;01:09
27.02.93;DUS;LEJ;18:01;18:59;00:58
27.02.93;LEJ;DUS;19:45;20:38;00:53
26.02.93;FRA;LEJ;00:49;01:45;00:56
26.02.93;LEJ;FRA;06:00;07:03;01:03
25.02.93;FRA;LEJ;00:53;01:50;00:57
25.02.93;LEJ;FRA;06:00;07:00;01:00
22.02.93;FRA;LEJ;08:00;08:57;00:57
22.02.93;LEJ;FRA;09:38;10:35;00:57
22.02.93;FRA;DRS;12:04;12:59;00:55
22.02.93;DRS;FRA;13:35;14:38;01:03
21.02.93;FRA;STR;12:33;13:20;00:47
21.02.93;STR;FRA;13:50;14:40;00:50
21.02.93;FRA;DRS;16:10;17:21;01:11
21.02.93;DRS;FRA;18:05;19:15;01:10
18.02.93;FRA;LEJ;11:53;12:46;00:53
18.02.93;LEJ;FRA;13:33;14:30;00:57
18.02.93;FRA;VIE;15:55;17:20;01:25
18.02.93;VIE;FRA;18:00;19:37;01:37
17.02.93;DUS;TXL;13:18;14:13;00:55
17.02.93;TXL;DUS;15:40;16:36;00:56
17.02.93;DUS;TXL;17:18;18:31;01:13
17.02.93;TXL;DUS;19:37;20:37;01:00
16.02.93;DUS;DRS;14:22;15:31;01:09
16.02.93;DRS;DUS;16:17;17:19;01:02
16.02.93;DUS;LEJ;18:00;19:07;01:07
16.02.93;LEJ;DUS;19:50;20:45;00:55
15.02.93;DUS;TXL;13:16;14:23;01:07
15.02.93;TXL;DUS;15:40;16:42;01:02
15.02.93;DUS;TXL;17:18;18:30;01:12
15.02.93;TXL;DUS;19:36;20:31;00:55
14.02.93;DUS;DRS;14:18;15:25;01:07
14.02.93;DRS;DUS;16:13;17:12;00:59
14.02.93;DUS;LEJ;17:58;18:56;00:58
14.02.93;LEJ;DUS;19:48;20:39;00:51
10.02.93;DUS;TXL;05:58;07:07;01:09
10.02.93;TXL;STR;07:55;08:56;01:01
10.02.93;STR;TXL;09:25;10:34;01:09
09.02.93;DUS;LEJ;05:33;06:36;01:03
09.02.93;LEJ;DUS;07:15;08:15;01:00
09.02.93;DUS;LEJ;09:05;10:18;01:13
09.02.93;LEJ;DUS;12:37;13:33;00:56
08.02.93;TXL;DUS;06:45;07:55;01:10
08.02.93;DUS;TXL;08:30;09:45;01:15
08.02.93;TXL;DUS;11:37;12:38;01:01
07.02.93;FRA;LEJ;08:33;09:35;01:02
07.02.93;LEJ;FRA;10:04;11:20;01:16
27.01.93;FRA;LEJ;00:48;01:43;00:55
27.01.93;LEJ;FRA;05:56;06:49;00:53
22.01.93;FRA;LEJ;15:50;16:46;00:56
22.01.93;LEJ;FRA;17:35;18:53;01:18
22.01.93;FRA;DRS;20:27;21:28;01:01
22.01.93;DRS;FRA;22:17;23:26;01:09
21.01.93;FRA;VIE;15:57;17:22;01:25
21.01.93;VIE;FRA;17:55;19:28;01:33
21.01.93;FRA;DRS;20:22;21:32;01:10
21.01.93;DRS;FRA;22:30;23:32;01:02
20.01.93;FRA;BRE;15:55;17:00;01:05
20.01.93;BRE;FRA;17:26;18:32;01:06
20.01.93;FRA;DRS;20:20;21:27;01:07
20.01.93;DRS;FRA;22:18;23:21;01:03
19.01.93;FRA;TRN;15:27;16:46;01:19
19.01.93;TRN;FRA;17:30;19:00;01:30
19.01.93;FRA;DRS;20:19;21:23;01:04
19.01.93;DRS;FRA;22:22;23:27;01:05
18.01.93;FRA;DRS;16:11;17:15;01:04
18.01.93;DRS;FRA;17:58;19:15;01:17
18.01.93;FRA;DRS;20:20;21:28;01:08
18.01.93;DRS;FRA;22:21;23:25;01:04
15.01.93;FRA;LEJ;07:47;08:37;00:50
15.01.93;LEJ;FRA;09:30;10:21;00:51
15.01.93;FRA;BRU;12:05;12:58;00:53
15.01.93;BRU;FRA;13:56;15:12;01:16
11.01.93;FRA;LEJ;12:33;13:29;00:56
11.01.93;LEJ;FRA;13:47;15:00;01:13
11.01.93;FRA;LEJ;15:50;16:47;00:57
11.01.93;LEJ;FRA;17:27;18:26;00:59
10.01.93;FRA;LEJ;15:48;16:51;01:03
10.01.93;LEJ;FRA;17:40;18:52;01:12
10.01.93;FRA;DRS;20:21;21:22;01:01
08.01.93;FRA;LEJ;15:54;16:45;00:51
08.01.93;LEJ;FRA;17:37;18:39;01:02
08.01.93;FRA;DRS;20:23;21:20;00:57
08.01.93;DRS;FRA;22:22;23:15;00:53
04.01.93;GVA;FRA;06:03;07:25;01:22
04.01.93;FRA;ADB;08:48;12:00;03:12
04.01.93;ADB;FRA;12:37;15:43;03:06
02.01.93;FRA;GVA;17:25;18:32;01:07
23.12.92;FRA;GOA;09:20;10:43;01:23
23.12.92;GOA;NAP;11:30;12:44;01:14
23.12.92;NAP;GOA;13:25;14:34;01:09
23.12.92;GOA;FRA;15:25;16:56;01:31
19.12.92;FRA;CGN;15:45;16:21;00:36
19.12.92;CGN;FRA;19:10;19:45;00:35
18.12.92;MUC;SKG;11:32;13:51;02:19
18.12.92;SKG;MUC;14:39;16:46;02:07
18.12.92;MUC;BRU;17:55;19:15;01:20
17.12.92;ISL;MUC;13:11;15:48;02:37
17.12.92;MUC;CDG;16:33;18:11;01:38
17.12.92;CDG;MUC;19:18;20:43;01:25
16.12.92;HAJ;FRA;15:53;16:47;00:54
16.12.92;FRA;ISL;19:25;22:25;03:00
15.12.92;FRA;HAJ;15:07;15:53;00:46
15.12.92;HAJ;LHR;16:19;17:45;01:26
15.12.92;LHR;HAJ;18:40;20:07;01:27
11.12.92;ARN;FRA;11:45;13:53;02:08
11.12.92;FRA;GVA;14:30;16:13;01:43
11.12.92;GVA;FRA;17:00;18:20;01:20
10.12.92;HAM;HEL;11:10;13:05;01:55
10.12.92;HEL;DUS;14:00;16:27;02:27
10.12.92;DUS;ARN;17:30;19:45;02:15
09.12.92;TXL;HAM;15:50;16:37;00:47
09.12.92;HAM;CGN;17:25;18:17;00:52
09.12.92;CGN;HAM;18:55;19:45;00:50
01.12.92;MAD;FRA;06:25;08:45;02:20
01.12.92;FRA;ZAG;10:14;11:38;01:24
01.12.92;ZAG;FRA;12:40;14:06;01:26
30.11.92;HAM;STR;06:15;07:28;01:13
30.11.92;STR;MAD;08:50;11:14;02:24
29.11.92;TRN;FRA;06:20;07:35;01:15
27.11.92;FRA;VCE;15:32;16:42;01:10
27.11.92;VCE;FRA;17:27;19:00;01:33
27.11.92;FRA;TRN;20:30;21:40;01:10
21.11.92;MUC;LHR;06:45;08:54;02:09
21.11.92;LHR;HAM;09:50;11:16;01:26
19.11.92;DUS;LIN;05:30;06:46;01:16
19.11.92;LIN;DUS;07:50;09:30;01:40
18.11.92;FRA;BRI;08:40;10:52;02:12
18.11.92;BRI;FRA;11:45;14:00;02:15
15.11.92;MAD;FRA;06:25;08:27;02:02
15.11.92;FRA;GVA;11:48;12:56;01:08
15.11.92;GVA;FRA;13:24;14:36;01:12
14.11.92;FMO;MUC;06:20;07:20;01:00
14.11.92;MUC;MAD;09:32;12:11;02:39
12.11.92;MUC;OTP;11:20;13:20;02:00
12.11.92;OTP;MUC;14:10;16:15;02:05
12.11.92;MUC;FMO;18:06;19:30;01:24
11.11.92;FRA;BCN;14:55;16:59;02:04
11.11.92;BCN;MUC;17:45;20:02;02:17
05.10.92;TXL;CGN;13:27;14:34;01:07
05.10.92;CGN;TXL;15:37;16:36;00:59
05.10.92;TXL;CGN;17:27;18:30;01:03
04.10.92;TXL;NUE;14:07;15:09;01:02
04.10.92;NUE;TXL;15:52;16:47;00:55
04.10.92;TXL;VIE;17:49;19:04;01:15
04.10.92;VIE;TXL;19:45;20:57;01:12
03.10.92;TXL;CGN;08:44;09:49;01:05
03.10.92;CGN;BCN;10:38;12:29;01:51
03.10.92;BCN;CGN;13:33;15:35;02:02
03.10.92;CGN;TXL;16:37;17:44;01:07
02.10.92;CGN;LHR;06:35;08:05;01:30
02.10.92;LHR;STR;08:39;10:09;01:30
02.10.92;STR;HAM;10:39;11:49;01:10
01.10.92;HAM;DUS;06:41;07:34;00:53
01.10.92;DUS;BCN;08:13;10:20;02:07
01.10.92;BCN;DUS;11:05;13:19;02:14
30.09.92;FRA;NCE;07:29;08:55;01:26
30.09.92;NCE;FRA;09:45;11:32;01:47
28.09.92;VIE;FRA;06:14;07:50;01:36
28.09.92;FRA;BRI;09:00;11:15;02:15
28.09.92;BRI;FRA;12:05;14:09;02:04
26.09.92;FRA;RIX;11:15;13:23;02:08
26.09.92;RIX;FRA;14:22;16:35;02:13
26.09.92;FRA;VIE;18:38;19:57;01:19
24.09.92;FRA;HAJ;11:27;12:12;00:45
24.09.92;HAJ;FRA;12:45;13:39;00:54
24.09.92;FRA;AMS;14:50;16:00;01:10
24.09.92;AMS;FRA;16:38;17:54;01:16
18.09.92;NUE;TXL;14:35;15:57;01:22
18.09.92;TXL;VIE;17:00;18:15;01:15
18.09.92;VIE;TXL;18:39;19:55;01:16
17.09.92;CGN;BCN;09:45;11:50;02:05
17.09.92;BCN;CGN;12:35;14:40;02:05
17.09.92;CGN;TXL;15:39;16:45;01:06
17.09.92;TXL;NUE;17:28;18:24;00:56
12.09.92;CGN;TXL;11:37;12:40;01:03
12.09.92;TXL;CGN;13:25;14:33;01:08
11.09.92;TXL;CGN;13:29;14:39;01:10
11.09.92;CGN;TXL;17:41;18:42;01:01
11.09.92;TXL;CGN;19:30;20:40;01:10
10.09.92;TXL;MUC;13:35;14:50;01:15
10.09.92;MUC;TXL;15:27;16:41;01:14
10.09.92;TXL;MUC;17:35;18:52;01:17
10.09.92;MUC;TXL;19:25;20:30;01:05
09.09.92;TXL;FRA;14:00;15:19;01:19
09.09.92;FRA;TXL;15:58;17:03;01:05
09.09.92;TXL;FRA;18:00;18:57;00:57
09.09.92;FRA;TXL;19:55;21:00;01:05
08.09.92;MUC;TXL;13:25;14:45;01:20
08.09.92;TXL;LGW;16:25;18:11;01:46
08.09.92;LGW;TXL;19:05;20:41;01:36
31.08.92;FRA;NCE;14:25;16:07;01:42
31.08.92;NCE;FRA;16:40;18:20;01:40
30.08.92;HAM;MUC;14:28;15:55;01:27
30.08.92;MUC;HAJ;16:48;17:52;01:04
30.08.92;HAJ;MUC;18:15;19:22;01:07
29.08.92;MUC;DUS;05:27;06:34;01:07
29.08.92;DUS;BUD;08:02;09:47;01:45
29.08.92;BUD;DUS;12:11;13:52;01:41
29.08.92;DUS;HAM;14:20;15:08;00:48
28.08.92;MUC;LIN;04:46;05:47;01:01
28.08.92;LIN;MUC;06:40;07:55;01:15
25.08.92;FRA;LYS;15:14;16:25;01:11
25.08.92;LYS;FRA;17:07;18:19;01:12
24.08.92;MUC;PMO;08:39;10:40;02:01
24.08.92;PMO;MUC;13:35;15:46;02:11
24.08.92;MUC;BRU;16:33;18:07;01:34
23.08.92;BRE;MUC;14:38;15:54;01:16
22.08.92;BRE;MUC;14:38;15:49;01:11
22.08.92;MUC;BRE;17:06;18:16;01:10
16.08.92;MUC;LEJ;11:15;12:05;00:50
16.08.92;LEJ;FRA;12:54;13:52;00:58
16.08.92;FRA;LYS;15:03;16:15;01:12
16.08.92;LYS;FRA;17:03;18:20;01:17
15.08.92;MUC;DRS;12:35;13:25;00:50
15.08.92;DRS;MUC;14:05;14:50;00:45
14.08.92;CGN;MUC;15:29;16:41;01:12
14.08.92;MUC;VIE;17:10;18:05;00:55
14.08.92;VIE;MUC;18:37;19:28;00:51
13.08.92;CGN;LEJ;14:28;15:22;00:54
13.08.92;LEJ;HAM;16:15;17:09;00:54
13.08.92;HAM;LEJ;17:45;18:30;00:45
13.08.92;LEJ;CGN;19:10;20:12;01:02
12.08.92;FRA;AMS;11:00;12:20;01:20
12.08.92;AMS;FRA;12:45;13:53;01:08
12.08.92;FRA;CGN;14:50;15:25;00:35
12.08.92;CGN;DRS;15:57;17:02;01:05
12.08.92;DRS;CGN;17:50;19:08;01:18
10.07.92;FRA;NCE;06:48;08:08;01:20
10.07.92;NCE;FRA;08:45;10:33;01:48
30.06.92;CGN;FRA;12:45;13:23;00:38
29.06.92;CGN;LEJ;14:27;15:35;01:08
29.06.92;LEJ;HAM;16:06;16:55;00:49
29.06.92;HAM;LEJ;17:35;18:28;00:53
29.06.92;LEJ;CGN;19:11;20:02;00:51
28.06.92;CGN;LEJ;14:27;15:23;00:56
28.06.92;LEJ;HAM;16:05;16:51;00:46
28.06.92;HAM;LEJ;17:37;18:27;00:50
28.06.92;LEJ;CGN;19:07;20:00;00:53
27.06.92;FRA;DUS;06:15;06:55;00:40
27.06.92;DUS;ISL;07:33;10:47;03:14
27.06.92;ISL;DUS;11:22;14:34;03:12
23.06.92;FRA;BLQ;14:43;15:57;01:14
23.06.92;BLQ;FRA;16:45;18:10;01:25
22.06.92;AMS;MUC;09:07;10:22;01:15
22.06.92;MUC;SKG;11:05;13:06;02:01
22.06.92;SKG;MUC;13:42;15:58;02:16
22.06.92;MUC;BRU;16:45;18:02;01:17
21.06.92;FCO;MUC;15:57;17:25;01:28
21.06.92;MUC;AMS;17:38;18:58;01:20
20.06.92;CGN;MUC;15:03;16:03;01:00
20.06.92;MUC;FCO;16:57;18:21;01:24
19.06.92;MUC;CGN;17:16;18:14;00:58
24.05.92;STR;HAM;14:20;15:25;01:05
24.05.92;HAM;CGN;16:50;17:41;00:51
24.05.92;CGN;FRA;18:38;19:56;01:18
23.05.92;HAM;STR;16:48;18:01;01:13
22.05.92;BCN;STR;14:30;16:14;01:44
22.05.92;STR;DUS;16:40;17:44;01:04
22.05.92;DUS;HAM;18:24;19:19;00:55
21.05.92;MUC;CGN;13:34;14:34;01:00
21.05.92;CGN;MUC;15:20;16:32;01:12
21.05.92;MUC;BCN;18:48;20:52;02:04
20.05.92;FRA;BCN;13:58;15:58;02:00
20.05.92;BCN;MUC;16:47;18:47;02:00
16.05.92;BUD;FRA;05:10;06:54;01:44
16.05.92;FRA;LJU;08:55;10:20;01:25
16.05.92;LJU;FRA;11:15;12:35;01:20
15.05.92;LIN;DUS;05:46;07:07;01:21
15.05.92;DUS;BUD;08:00;09:52;01:52
14.05.92;TXL;LIN;09:35;11:30;01:55
10.05.92;FRA;SOF;12:20;14:24;02:04
10.05.92;SOF;FRA;15:10;17:36;02:26
06.05.92;SZG;MUC;10:50;11:27;00:37
05.05.92;MUC;TLV;08:00;11:50;03:50
05.05.92;TLV;SZG;12:55;17:04;04:09
03.05.92;HAM;LHR;06:45;08:12;01:27
03.05.92;LHR;HAM;09:35;11:25;01:50
02.05.92;HAM;MUC;08:35;09:55;01:20
02.05.92;MUC;HAM;10:30;11:40;01:10
01.05.92;FRA;HAJ;11:20;12:11;00:51
01.05.92;HAJ;FRA;12:45;13:45;01:00
01.05.92;FRA;HAM;17:00;18:00;01:00
26.04.92;CGN;MUC;06:52;07:51;00:59
26.04.92;MUC;SVO;09:15;12:30;03:15
26.04.92;SVO;MUC;13:17;16:35;03:18
25.04.92;MUC;MUC;11:30;11:55;00:25
25.04.92;MUC;CGN;13:30;14:45;01:15
24.04.92;ISL;MUC;03:54;06:40;02:46
24.04.92;MUC;NCE;07:34;08:50;01:16
24.04.92;NCE;MUC;09:29;10:45;01:16
23.04.92;FRA;DUS;06:00;06:45;00:45
23.04.92;DUS;ISL;07:19;10:30;03:11
19.04.92;FRA;VLC;11:35;13:55;02:20
19.04.92;VLC;FRA;14:43;17:13;02:30
18.04.92;MAD;FRA;05:30;08:10;02:40
12.04.92;DUS;MUC;15:25;16:26;01:01
12.04.92;MUC;FRA;17:35;18:34;00:59
11.04.92;DUS;AGP;11:22;14:14;02:52
11.04.92;AGP;DUS;15:31;18:34;03:03
10.04.92;HAM;ARN;12:40;14:11;01:31
10.04.92;ARN;DUS;14:51;16:50;01:59
09.04.92;HAM;VIE;15:56;17:28;01:32
09.04.92;VIE;HAM;18:08;19:45;01:37
25.03.92;CGN;DRS;05:40;06:55;01:15
24.03.92;CGN;TXL;06:38;07:42;01:04
24.03.92;TXL;CGN;09:27;10:38;01:11
23.03.92;TXL;CGN;08:27;09:38;01:11
23.03.92;CGN;MAD;10:23;12:42;02:19
23.03.92;MAD;CGN;13:22;15:40;02:18
22.03.92;TXL;LGW;11:05;13:01;01:56
22.03.92;LGW;TXL;13:45;15:30;01:45
21.03.92;MUC;TXL;06:35;07:55;01:20
21.03.92;TXL;MUC;10:41;11:59;01:18
21.03.92;MUC;TXL;12:32;13:42;01:10
20.03.92;FRA;VCE;08:00;09:10;01:10
20.03.92;VCE;FRA;09:45;11:27;01:42
20.03.92;FRA;MUC;12:45;13:38;00:53
17.03.92;ATH;FRA;03:05;06:15;03:10
17.03.92;FRA;CGN;08:28;09:08;00:40
17.03.92;CGN;FRA;09:42;10:42;01:00
15.03.92;FRA;ATH;18:55;21:50;02:55
12.03.92;HAM;CGN;06:00;06:55;00:55
12.03.92;CGN;MUC;09:20;10:25;01:05
12.03.92;MUC;TXL;12:32;13:47;01:15
11.03.92;HAM;VIE;06:07;07:42;01:35
11.03.92;VIE;TXL;08:20;09:31;01:11
11.03.92;TXL;HAM;10:20;11:15;00:55
10.03.92;MUC;HAM;06:30;08:00;01:30
10.03.92;HAM;LIN;08:34;10:11;01:37
10.03.92;LIN;HAM;11:08;12:52;01:44
09.03.92;HAM;STR;05:35;06:40;01:05
09.03.92;STR;VIE;07:15;08:35;01:20
09.03.92;VIE;MUC;09:02;09:54;00:52
08.03.92;FRA;SXF;07:02;08:22;01:20
08.03.92;SXF;FRA;08:55;10:10;01:15
02.03.92;HAM;DRS;06:15;07:15;01:00
02.03.92;DRS;HAM;07:45;08:55;01:10
02.03.92;HAM;FRA;10:42;11:53;01:11
01.03.92;FRA;HAM;11:20;12:20;01:00
29.02.92;HAM;ARN;07:45;09:20;01:35
29.02.92;ARN;HAM;10:00;11:33;01:33
28.02.92;ARN;HAM;06:57;08:34;01:37
27.02.92;FRA;HAM;06:14;07:12;00:58
27.02.92;HAM;ARN;07:50;09:26;01:36
24.02.92;CGN;FRA;05:57;06:40;00:43
24.02.92;FRA;SOF;08:20;10:35;02:15
24.02.92;SOF;FRA;11:30;14:08;02:38
23.02.92;STR;FRA;09:42;10:30;00:48
23.02.92;FRA;CGN;12:10;12:52;00:42
22.02.92;CDG;MUC;14:01;15:27;01:26
22.02.92;MUC;DUS;16:02;17:12;01:10
22.02.92;DUS;STR;18:43;19:35;00:52
21.02.92;STR;BCN;11:45;13:22;01:37
21.02.92;BCN;DUS;14:18;16:26;02:08
21.02.92;DUS;MUC;17:00;18:10;01:10
21.02.92;MUC;CDG;19:05;20:35;01:30
20.02.92;HAM;FBU;15:33;16:55;01:22
20.02.92;FBU;HAM;17:32;18:45;01:13
20.02.92;HAM;STR;19:25;20:25;01:00
17.02.92;FRA;LYS;07:35;08:50;01:15
17.02.92;LYS;FRA;09:43;11:25;01:42
17.02.92;FRA;NUE;12:15;13:05;00:50
17.02.92;NUE;FRA;13:30;14:25;00:55
27.01.92;HEL;FRA;11:15;13:39;02:24
27.01.92;FRA;SXF;15:39;17:00;01:21
27.01.92;SXF;FRA;17:27;18:35;01:08
26.01.92;HEL;DUS;14:59;17:32;02:33
26.01.92;DUS;HEL;18:12;20:58;02:46
25.01.92;BRE;FRA;13:48;14:54;01:06
25.01.92;FRA;HEL;15:43;18:14;02:31
24.01.92;CGN;MUC;13:37;14:45;01:08
24.01.92;MUC;AMS;15:20;16:55;01:35
24.01.92;AMS;MUC;17:40;20:05;02:25
24.01.92;MUC;BRE;20:40;21:50;01:10
23.01.92;FRA;FCO;15:50;17:50;02:00
23.01.92;FCO;DUS;18:25;20:33;02:08
07.01.92;AMS;FRA;06:09;07:48;01:39
07.01.92;FRA;BIO;08:40;11:05;02:25
07.01.92;BIO;FRA;11:42;13:39;01:57
06.01.92;AMS;FRA;06:08;07:30;01:22
06.01.92;FRA;CGN;08:30;09:16;00:46
06.01.92;CGN;FRA;09:45;10:40;00:55
06.01.92;FRA;AMS;11:58;13:00;01:02
05.01.92;FRA;PRG;08:10;09:15;01:05
05.01.92;PRG;FRA;10:00;11:23;01:23
05.01.92;FRA;AMS;12:20;13:28;01:08
02.01.92;HAM;ARN;07:50;09:22;01:32
02.01.92;ARN;HAM;10:02;11:42;01:40
02.01.92;HAM;CGN;12:20;13:46;01:26
02.01.92;CGN;FRA;14:34;15:43;01:09
01.01.92;CGN;HAM;14:49;15:46;00:57
31.12.91;BRE;FRA;07:19;08:15;00:56
31.12.91;FRA;LIN;11:35;12:48;01:13
31.12.91;LIN;FRA;13:34;14:55;01:21
30.12.91;AMS;FRA;06:08;07:21;01:13
30.12.91;FRA;BRE;08:20;09:16;00:56
29.12.91;FRA;AMS;11:58;13:07;01:09
19.12.91;SVO;FRA;04:35;08:25;03:50
19.12.91;FRA;FBU;09:18;11:37;02:19
19.12.91;FBU;FRA;12:35;15:09;02:34
18.12.91;HAM;TXL;07:05;08:02;00:57
18.12.91;TXL;SVO;08:50;11:22;02:32
17.12.91;DUS;ZRH;06:13;07:16;01:03
17.12.91;ZRH;DUS;08:07;09:27;01:20
17.12.91;DUS;HAM;11:18;12:24;01:06
16.12.91;STR;DUS;05:28;06:23;00:55
16.12.91;DUS;VIE;07:00;08:35;01:35
16.12.91;VIE;DUS;09:10;10:48;01:38
15.12.91;FRA;STR;07:20;08:03;00:43
12.12.91;HAJ;MUC;12:25;13:38;01:13
12.12.91;MUC;FRA;14:35;15:48;01:13
11.12.91;FRA;BCN;14:50;16:54;02:04
11.12.91;BCN;MUC;17:45;19:43;01:58
11.12.91;MUC;HAJ;20:15;21:35;01:20
29.11.91;FRA;SVO;11:51;15:15;03:24
29.11.91;SVO;FRA;16:10;19:32;03:22
27.11.91;FCO;FRA;06:02;08:22;02:20
27.11.91;FRA;LNZ;11:55;12:55;01:00
27.11.91;LNZ;FRA;13:30;14:30;01:00
26.11.91;DUS;MAN;06:30;08:03;01:33
26.11.91;MAN;DUS;08:50;10:15;01:25
26.11.91;DUS;FCO;11:22;13:18;01:56
25.11.91;LIN;DUS;06:42;08:06;01:24
25.11.91;DUS;BUD;08:55;10:45;01:50
25.11.91;BUD;DUS;11:23;13:00;01:37
24.11.91;FRA;FBU;09:10;11:05;01:55
24.11.91;FBU;FRA;11:58;13:40;01:42
06.11.91;HAM;LHR;14:35;16:14;01:39
06.11.91;LHR;HAM;16:50;18:29;01:39
06.11.91;HAM;FRA;19:00;20:13;01:13
05.11.91;DUS;HAM;15:45;16:50;01:05
05.11.91;HAM;DRS;17:28;18:27;00:59
05.11.91;DRS;HAM;19:22;20:30;01:08
04.11.91;MAD;DUS;13:00;15:40;02:40
04.11.91;DUS;MAN;16:35;18:05;01:30
04.11.91;MAN;DUS;18:37;20:02;01:25
03.11.91;FRA;MAD;19:40;22:35;02:55
31.10.91;CGN;LEJ;05:27;06:30;01:03
31.10.91;LEJ;STR;07:06;08:09;01:03
31.10.91;STR;LEJ;10:10;11:05;00:55
31.10.91;LEJ;CGN;11:32;12:35;01:03
30.10.91;FRA;LYS;07:33;08:54;01:21
30.10.91;LYS;FRA;09:38;11:22;01:44
30.10.91;FRA;CGN;12:12;12:58;00:46
24.10.91;AMS;FRA;06:10;07:22;01:12
24.10.91;FRA;NAP;08:48;10:49;02:01
24.10.91;NAP;FRA;11:54;14:08;02:14
23.10.91;FRA;TRN;07:00;08:12;01:12
23.10.91;TRN;FRA;09:10;10:26;01:16
23.10.91;FRA;AMS;12:00;12:59;00:59
18.10.91;SVO;FRA;04:15;07:52;03:37
17.10.91;HAM;STR;05:35;06:50;01:15
17.10.91;STR;SVO;07:20;10:34;03:14
16.10.91;MAD;FRA;06:28;09:35;03:07
16.10.91;FRA;TXL;10:10;11:24;01:14
14.10.91;FRA;HAM;14:14;15:16;01:02
14.10.91;HAM;FRA;15:48;17:03;01:15
14.10.91;FRA;MAD;19:18;22:02;02:44
26.09.91;STR;HAM;05:40;06:59;01:19
25.09.91;HAM;STR;04:38;05:50;01:12
25.09.91;STR;ISL;06:27;09:21;02:54
25.09.91;ISL;STR;09:58;12:51;02:53
24.09.91;MAD;FRA;05:29;08:05;02:36
24.09.91;FRA;HAM;10:10;11:19;01:09
23.09.91;TXL;CGN;05:15;06:29;01:14
23.09.91;CGN;TXL;07:43;08:41;00:58
23.09.91;TXL;MAD;09:17;12:14;02:57
22.09.91;FRA;TUN;07:12;09:31;02:19
22.09.91;TUN;FRA;10:29;13:03;02:34
07.09.91;FCO;FRA;05:03;07:10;02:07
07.09.91;FRA;DUB;08:00;09:57;01:57
07.09.91;DUB;FRA;10:54;12:50;01:56
05.09.91;FRA;GVA;15:19;16:29;01:10
05.09.91;GVA;MUC;16:59;18:10;01:11
05.09.91;MUC;FCO;18:58;20:25;01:27
04.09.91;FRA;BCN;13:49;15:59;02:10
04.09.91;BCN;MUC;16:48;18:38;01:50
04.09.91;MUC;HAJ;19:41;20:43;01:02
31.08.91;MUC;BRU;04:55;06:15;01:20
31.08.91;BRU;MUC;06:55;07:12;00:17
30.08.91;MUC;AMS;05:00;06:35;01:35
30.08.91;AMS;MUC;07:05;08:30;01:25
29.08.91;MUC;NCE;07:35;09:00;01:25
29.08.91;NCE;MUC;09:50;11:10;01:20
28.08.91;CDG;MUC;05:20;06:50;01:30
28.08.91;DUS;MAN;05:25;06:59;01:34
28.08.91;MAN;DUS;08:50;10:10;01:20
28.08.91;DUS;CDG;10:30;11:47;01:17
27.08.91;STR;DUS;05:30;06:30;01:00
27.08.91;DUS;LIS;07:00;10:08;03:08
27.08.91;LIS;DUS;10:55;13:50;02:55
26.08.91;FRA;STR;06:15;06:57;00:42
26.08.91;STR;DUS;09:20;10:12;00:52
26.08.91;DUS;STR;13:10;14:10;01:00
23.08.91;FRA;VLC;11:45;14:12;02:27
23.08.91;VLC;FRA;14:55;17:23;02:28
22.08.91;LHR;CGN;13:40;14:50;01:10
22.08.91;CGN;MUC;15:25;16:25;01:00
22.08.91;MUC;DUS;17:05;18:15;01:10
21.08.91;STR;HAM;13:43;14:55;01:12
21.08.91;HAM;CGN;15:27;16:25;00:58
21.08.91;CGN;HAM;17:05;18:04;00:59
21.08.91;HAM;LHR;19:10;20:40;01:30
20.08.91;FRA;DRS;11:20;12:30;01:10
20.08.91;DRS;STR;15:55;17:00;01:05
20.08.91;STR;LEJ;17:40;18:35;00:55
20.08.91;LEJ;STR;19:15;20:05;00:50
16.08.91;FMO;FRA;05:00;06:04;01:04
16.08.91;FRA;OPO;07:30;10:07;02:37
16.08.91;OPO;FRA;10:55;13:43;02:48
15.08.91;FRA;FMO;23:29;00:11;00:42
14.08.91;FRA;FMO;19:35;20:25;00:50
14.08.91;FMO;FRA;21:28;22:10;00:42
11.08.91;FRA;TXL;13:09;14:09;01:00
11.08.91;TXL;FRA;14:56;16:01;01:05
11.08.91;FRA;TXL;17:10;18:12;01:02
11.08.91;TXL;FRA;18:53;19:53;01:00
31.07.91;FRA;TXL;09:23;10:20;00:57
31.07.91;TXL;FRA;10:58;12:05;01:07
28.07.91;GVA;FRA;05:04;06:25;01:21
28.07.91;FRA;OPO;07:40;10:16;02:36
28.07.91;OPO;FRA;11:00;13:53;02:53
27.07.91;HAM;STR;05:47;06:54;01:07
27.07.91;STR;FRA;08:47;09:33;00:46
26.07.91;LHR;HAM;05:55;07:28;01:33
25.07.91;FRA;HAJ;05:53;06:40;00:47
25.07.91;HAJ;MUC;07:33;08:35;01:02
25.07.91;MUC;LHR;10:55;12:54;01:59
20.07.91;MUC;TXL;06:35;07:50;01:15
20.07.91;TXL;MUC;12:40;14:00;01:20
19.07.91;CGN;MUC;05:20;06:27;01:07
19.07.91;MUC;VCE;07:02;07:35;00:33
19.07.91;VCE;FRA;08:45;10:27;01:42
18.07.91;CGN;TXL;04:40;05:40;01:00
18.07.91;TXL;CGN;09:32;10:40;01:08
17.07.91;CGN;DRS;04:50;06:00;01:10
17.07.91;DRS;CGN;06:40;07:55;01:15
17.07.91;CGN;TXL;08:30;09:37;01:07
17.07.91;TXL;CGN;11:07;12:10;01:03
16.07.91;FRA;BRE;07:12;08:06;00:54
16.07.91;BRE;FRA;08:43;09:42;00:59
16.07.91;TXL;CGN;13:05;14:21;01:16
14.07.91;DUS;BUD;07:55;09:47;01:52
14.07.91;BUD;DUS;10:20;12:02;01:42
10.07.91;SVO;FRA;03:12;06:52;03:40
10.07.91;FRA;HAM;08:03;09:15;01:12
10.07.91;HAM;FRA;09:45;11:00;01:15
09.07.91;STR;HAM;05:37;06:56;01:19
09.07.91;HAM;SVO;07:25;10:20;02:55
08.07.91;HAM;STR;04:39;05:47;01:08
08.07.91;STR;ISL;06:30;09:23;02:53
08.07.91;ISL;STR;10:08;12:50;02:42
07.07.91;HAM;VIE;05:00;06:30;01:30
07.07.91;VIE;TXL;07:20;08:35;01:15
07.07.91;TXL;HAM;09:10;10:00;00:50
06.07.91;FRA;TUN;07:18;09:51;02:33
06.07.91;TUN;FRA;10:30;13:05;02:35
17.06.91;FRA;CGN;07:32;08:15;00:43
17.06.91;CGN;FRA;08:53;09:42;00:49
17.06.91;FRA;MUC;11:42;12:43;01:01
17.06.91;MUC;FRA;13:25;14:36;01:11
15.06.91;FRA;CAS;07:29;11:07;03:38
15.06.91;CAS;FRA;12:19;15:39;03:20
09.06.91;TXL;FRA;06:19;07:15;00:56
09.06.91;FRA;SVO;08:46;11:56;03:10
09.06.91;SVO;FRA;12:45;16:20;03:35
08.06.91;TXL;ISL;09:08;12:03;02:55
08.06.91;ISL;TXL;12:50;15:43;02:53
07.06.91;TXL;MUC;16:03;17:29;01:26
07.06.91;MUC;TXL;18:00;19:21;01:21
06.06.91;TXL;NUE;13:10;14:14;01:04
06.06.91;NUE;TXL;15:15;16:29;01:14
06.06.91;TXL;CDG;17:50;19:24;01:34
06.06.91;CDG;TXL;20:02;21:32;01:30
05.06.91;TXL;NUE;12:48;13:50;01:02
05.06.91;NUE;TXL;14:43;15:49;01:06
04.06.91;TXL;ATH;09:18;12:23;03:05
04.06.91;ATH;TXL;12:50;15:48;02:58
01.06.91;HAM;STR;05:44;06:50;01:06
01.06.91;STR;FRA;08:45;09:28;00:43
01.06.91;CGN;HAM;10:58;11:55;00:57
31.05.91;CGN;MUC;06:18;07:17;00:59
31.05.91;MUC;CGN;08:58;10:08;01:10
30.05.91;MUC;AMS;04:57;06:16;01:19
30.05.91;AMS;MUC;07:17;08:37;01:20
29.05.91;MUC;DUS;04:38;05:50;01:12
29.05.91;DUS;MUC;06:30;07:42;01:12
28.05.91;FRA;NAP;07:55;09:53;01:58
28.05.91;NAP;FRA;10:45;13:02;02:17
23.05.91;STR;HAJ;13:30;14:36;01:06
23.05.91;HAJ;STR;15:03;15:58;00:55
23.05.91;STR;FRA;16:40;17:28;00:48
22.05.91;HAM;STR;04:40;05:55;01:15
22.05.91;STR;HAJ;07:23;08:25;01:02
22.05.91;HAJ;STR;08:54;09:50;00:56
21.05.91;DUS;ZRH;06:00;07:15;01:15
21.05.91;ZRH;MUC;07:45;08:35;00:50
21.05.91;MUC;HAM;10:30;11:50;01:20
16.05.91;TXL;NUE;04:35;05:44;01:09
16.05.91;NUE;TXL;06:35;07:40;01:05
14.05.91;TXL;VIE;16:40;18:02;01:22
14.05.91;VIE;TXL;18:25;19:37;01:12
13.05.91;TXL;VIE;16:50;18:00;01:10
13.05.91;VIE;TXL;18:25;19:40;01:15
12.05.91;TXL;CDG;15:50;17:20;01:30
12.05.91;CDG;TXL;18:25;20:03;01:38
10.05.91;GOT;FRA;10:47;12:37;01:50
10.05.91;FRA;LYS;15:13;16:38;01:25
10.05.91;LYS;FRA;17:04;18:32;01:28
09.05.91;FRA;DUS;17:04;17:57;00:53
09.05.91;DUS;GOT;18:26;19:55;01:29
17.04.91;HAM;FRA;14:50;15:46;00:56
16.04.91;STR;DUS;14:35;15:35;01:00
16.04.91;DUS;BHX;16:21;17:43;01:22
16.04.91;BHX;DUS;18:20;19:44;01:24
15.04.91;HAM;FBU;14:35;16:02;01:27
15.04.91;FBU;HAM;16:35;17:52;01:17
15.04.91;HAM;STR;18:30;19:33;01:03
14.04.91;FRA;HEL;14:45;17:20;02:35
14.04.91;HEL;HAM;18:02;19:52;01:50
07.04.91;HAM;DUS;11:40;12:33;00:53
07.04.91;DUS;MUC;13:44;14:45;01:01
07.04.91;MUC;DUS;15:30;16:42;01:12
07.04.91;DUS;FRA;17:20;18:34;01:14
06.04.91;DUS;AGP;08:50;11:43;02:53
06.04.91;AGP;DUS;12:50;15:51;03:01
06.04.91;DUS;HAM;16:28;17:20;00:52
05.04.91;MUC;VIE;05:13;06:11;00:58
05.04.91;VIE;STR;07:00;08:04;01:04
05.04.91;STR;MAD;09:32;11:56;02:24
05.04.91;MAD;DUS;13:28;16:04;02:36
04.04.91;MUC;CGN;09:10;10:15;01:05
04.04.91;CGN;MUC;12:17;13:14;00:57
03.04.91;FRA;BHX;14:40;16:14;01:34
03.04.91;BHX;FRA;16:58;18:45;01:47
01.04.91;FRA;TIP;10:55;14:00;03:05
01.04.91;TIP;FRA;15:00;18:20;03:20
31.03.91;DUS;MUC;09:35;10:40;01:05
30.03.91;FRA;DUB;09:15;11:07;01:52
30.03.91;DUB;FRA;11:55;14:04;02:09
28.03.91;FRA;HAJ;07:00;07:50;00:50
28.03.91;HAJ;MUC;08:17;09:15;00:58
28.03.91;MUC;HAJ;09:58;11:10;01:12
24.03.91;FRA;GOT;09:05;10:45;01:40
24.03.91;GOT;FRA;11:48;13:38;01:50
22.03.91;LHR;HAM;15:05;16:34;01:29
21.03.91;DUS;HAM;06:18;07:15;00:57
21.03.91;HAM;LHR;08:14;10:01;01:47
21.03.91;LHR;HAM;10:42;12:02;01:20
21.03.91;HAM;LHR;12:40;14:21;01:41
15.03.91;MUC;DRS;11:23;12:23;01:00
15.03.91;DRS;MUC;13:28;14:28;01:00
15.03.91;FRA;DRS;15:33;16:39;01:06
15.03.91;DRS;FRA;17:16;18:21;01:05
14.03.91;MAD;MUC;17:42;20:18;02:36
13.03.91;FRA;OTP;12:50;15:16;02:26
13.03.91;OTP;FRA;16:02;18:35;02:33
13.03.91;FRA;MAD;19:33;22:10;02:37
12.03.91;SVO;FRA;04:02;08:18;04:16
11.03.91;LIN;DUS;07:00;08:22;01:22
11.03.91;DUS;SVO;10:06;13:34;03:28
06.03.91;ZRH;FRA;06:02;07:04;01:02
06.03.91;FRA;BLQ;09:41;11:04;01:23
06.03.91;BLQ;PSA;11:41;12:19;00:38
06.03.91;PSA;FRA;12:59;14:47;01:48
05.03.91;FCO;FRA;05:59;08:26;02:27
05.03.91;FRA;HAM;10:10;11:11;01:01
05.03.91;HAM;ZRH;11:40;13:10;01:30
03.03.91;SVO;FRA;11:50;15:18;03:28
03.03.91;FRA;GVA;16:19;17:34;01:15
03.03.91;GVA;MUC;18:10;19:15;01:05
03.03.91;MUC;FCO;19:54;21:24;01:30
02.03.91;FRA;SVO;15:40;18:58;03:18
01.03.91;FRA;HEL;15:50;18:18;02:28
01.03.91;HEL;HAM;18:55;20:54;01:59
27.02.91;DUS;STR;09:35;10:25;00:50
26.02.91;FRA;DUS;18:15;19:00;00:45
23.02.91;FRA;HER;12:10;15:30;03:20
23.02.91;HER;FRA;16:00;19:35;03:35
22.02.91;SVO;FRA;13:29;17:01;03:32
22.02.91;FRA;BRE;19:10;20:07;00:57
21.02.91;FRA;SVO;16:15;19:34;03:19
20.02.91;HAM;FBU;15:33;16:50;01:17
20.02.91;FBU;HAM;17:25;18:59;01:34
19.02.91;FRA;HEL;12:00;14:48;02:48
19.02.91;HEL;HAM;15:15;17:17;02:02
14.02.91;FRA;SOF;12:50;15:00;02:10
14.02.91;SOF;FRA;16:15;18:48;02:33
11.02.91;DUS;CDG;06:46;07:54;01:08
11.02.91;CDG;MUC;08:32;10:00;01:28
10.02.91;DUS;HAM;07:02;07:58;00:56
10.02.91;HAM;DUS;12:23;13:18;00:55
09.02.91;MUC;DUS;12:42;13:55;01:13
08.02.91;DUS;CPH;16:40;18:05;01:25
08.02.91;CPH;MUC;19:05;21:02;01:57
28.01.91;BCN;FRA;06:27;08:36;02:09
27.01.91;DUS;WAW;07:10;08:56;01:46
27.01.91;WAW;DUS;09:39;11:33;01:54
27.01.91;DUS;BCN;12:18;14:25;02:07
26.01.91;HAM;DUS;08:32;09:16;00:44
25.01.91;FRA;BRE;07:08;08:02;00:54
25.01.91;BRE;LHR;09:20;10:31;01:11
25.01.91;LHR;STR;11:05;12:40;01:35
25.01.91;STR;HAM;13:08;14:16;01:08
22.01.91;FRA;LEJ;11:46;12:41;00:55
22.01.91;LEJ;DUS;14:05;15:19;01:14
22.01.91;DUS;LEJ;16:01;17:22;01:21
22.01.91;LEJ;FRA;17:55;19:10;01:15
21.01.91;STR;CGN;05:45;06:37;00:52
21.01.91;CGN;STR;07:10;08:11;01:01
21.01.91;STR;HAJ;08:25;09:26;01:01
21.01.91;HAJ;STR;09:54;10:53;00:59
21.01.91;STR;HAM;11:38;12:52;01:14
20.01.91;FRA;BRE;07:10;08:05;00:55
20.01.91;BRE;LHR;08:35;09:53;01:18
20.01.91;LHR;STR;10:39;12:17;01:38
11.01.91;FCO;FRA;06:00;08:18;02:18
11.01.91;FRA;PMI;09:00;11:19;02:19
11.01.91;PMI;FRA;12:12;14:51;02:39
09.01.91;FRA;GVA;16:40;17:46;01:06
09.01.91;GVA;MUC;18:15;19:32;01:17
09.01.91;MUC;FCO;20:08;21:25;01:17
08.01.91;CGN;TXL;14:35;15:35;01:00
08.01.91;TXL;CGN;16:40;17:52;01:12
08.01.91;CGN;TXL;18:38;19:37;00:59
08.01.91;TXL;CGN;20:07;21:13;01:06
07.01.91;ESB;MUC;12:13;15:27;03:14
07.01.91;MUC;DUS;16:14;17:32;01:18
07.01.91;DUS;ZRH;17:50;19:06;01:16
07.01.91;ZRH;DUS;19:35;20:50;01:15
06.01.91;MUC;ESB;18:50;21:40;02:50
26.12.90;TXL;CGN;07:40;08:48;01:08
25.12.90;TXL;CGN;10:40;11:43;01:03
25.12.90;CGN;TXL;12:35;13:30;00:55
25.12.90;TXL;CGN;14:35;15:35;01:00
25.12.90;CGN;TXL;16:35;17:25;00:50
23.12.90;TXL;MUC;13:40;15:23;01:43
23.12.90;MUC;TXL;15:50;17:14;01:24
23.12.90;TXL;NUE;17:40;18:53;01:13
23.12.90;NUE;TXL;19:15;20:14;00:59
18.12.90;ZRH;FRA;06:05;07:28;01:23
18.12.90;FRA;GVA;08:15;09:37;01:22
18.12.90;GVA;FRA;10:00;11:49;01:49
17.12.90;FCO;FRA;05:55;08:10;02:15
17.12.90;FRA;HAM;10:13;11:16;01:03
17.12.90;HAM;ZRH;11:53;13:22;01:29
15.12.90;HAM;MUC;12:30;13:48;01:18
15.12.90;MUC;CGN;15:32;16:43;01:11
15.12.90;CGN;MUC;17:10;18:15;01:05
15.12.90;MUC;FCO;19:48;21:16;01:28
14.12.90;FRA;HEL;15:51;18:55;03:04
14.12.90;HEL;HAM;19:20;21:05;01:45
12.12.90;HAJ;MUC;12:45;14:21;01:36
12.12.90;MUC;HAM;15:10;16:44;01:34
12.12.90;HAM;NUE;17:15;18:24;01:09
12.12.90;NUE;FRA;19:35;20:22;00:47
11.12.90;FRA;HAJ;07:05;08:03;00:58
11.12.90;HAJ;MUC;09:06;10:17;01:11
11.12.90;MUC;HAJ;11:00;12:09;01:09
08.12.90;ISL;MUC;05:00;07:37;02:37
08.12.90;MUC;VCE;08:15;09:08;00:53
08.12.90;VCE;FRA;09:52;11:23;01:31
06.12.90;HAM;MUC;12:43;13:57;01:14
06.12.90;MUC;CGN;15:35;17:02;01:27
06.12.90;CGN;MUC;17:34;18:46;01:12
06.12.90;MUC;ISL;19:20;22:03;02:43
05.12.90;HAM;CGN;13:37;14:36;00:59
05.12.90;CGN;MUC;15:14;16:17;01:03
05.12.90;MUC;VIE;17:05;18:13;01:08
05.12.90;VIE;STR;18:45;19:50;01:05
05.12.90;STR;HAM;20:20;21:35;01:15
04.12.90;HAM;ZRH;17:59;19:10;01:11
04.12.90;ZRH;HAM;19:48;21:30;01:42
30.11.90;STR;MAD;09:53;11:53;02:00
30.11.90;MAD;STR;12:30;15:05;02:35
30.11.90;STR;DUS;15:35;16:44;01:09
29.11.90;HAM;DUS;06:29;07:15;00:46
29.11.90;DUS;STR;07:45;08:45;01:00
28.11.90;STR;CGN;06:05;06:46;00:41
28.11.90;CGN;STR;07:10;08:04;00:54
28.11.90;STR;HAJ;08:30;09:30;01:00
28.11.90;HAJ;STR;09:51;10:47;00:56
28.11.90;STR;HAM;11:45;12:50;01:05
27.11.90;TXL;LGW;06:25;08:09;01:44
27.11.90;LGW;FRA;09:53;10:56;01:03
04.11.90;MUC;DUS;06:10;07:18;01:08
04.11.90;DUS;LIS;07:58;10:42;02:44
04.11.90;LIS;DUS;11:35;14:36;03:01
03.11.90;HAM;STR;05:36;06:45;01:09
03.11.90;STR;VIE;07:23;08:35;01:12
03.11.90;VIE;MUC;09:05;10:00;00:55
02.11.90;FRA;TUN;07:54;10:31;02:37
02.11.90;TUN;FRA;11:30;14:05;02:35
31.10.90;BRE;STR;05:30;06:35;01:05
31.10.90;STR;BRE;07:00;08:08;01:08
31.10.90;BRE;FRA;08:34;09:30;00:56
30.10.90;ISL;MUC;04:52;07:46;02:54
30.10.90;MUC;LHR;08:48;10:56;02:08
30.10.90;LHR;BRE;11:30;12:46;01:16
28.10.90;DUS;MUC;15:35;16:38;01:03
28.10.90;MUC;ISL;18:52;21:25;02:33
20.10.90;DUS;HAM;06:57;07:50;00:53
20.10.90;HAM;HEL;08:30;10:42;02:12
20.10.90;HEL;FRA;11:30;14:00;02:30
19.10.90;DUS;NUE;05:50;06:54;01:04
19.10.90;NUE;DUS;07:16;08:14;00:58
19.10.90;DUS;LHR;09:49;11:04;01:15
19.10.90;LHR;DUS;11:55;13:18;01:23
18.10.90;LIN;DUS;06:53;08:23;01:30
18.10.90;DUS;HAM;09:00;09:55;00:55
18.10.90;HAM;DUS;10:23;11:15;00:52
17.10.90;FRA;FBU;09:10;11:11;02:01
17.10.90;FBU;FRA;11:50;13:54;02:04
17.10.90;FRA;LIN;14:47;16:00;01:13
04.10.90;FCO;FRA;05:53;08:15;02:22
04.10.90;FRA;HAM;11:48;12:50;01:02
04.10.90;HAM;ZRH;13:19;14:48;01:29
02.10.90;AMS;FRA;14:03;15:10;01:07
02.10.90;FRA;GVA;16:20;17:30;01:10
02.10.90;GVA;MUC;18:23;19:22;00:59
02.10.90;MUC;FCO;19:53;21:18;01:25
01.10.90;FRA;TIP;13:05;16:15;03:10
01.10.90;TIP;FRA;17:08;20:10;03:02
01.10.90;FRA;AMS;20:35;21:40;01:05
26.09.90;FMO;FRA;04:57;05:48;00:51
25.09.90;FRA;FMO;23:25;00:10;00:45
24.09.90;FRA;FMO;19:33;20:24;00:51
24.09.90;FMO;FRA;21:30;22:13;00:43
22.09.90;MUC;BEG;12:00;13:15;01:15
22.09.90;BEG;MUC;13:50;15:20;01:30
21.09.90;MUC;ADB;08:10;10:43;02:33
21.09.90;ADB;MUC;11:40;15:10;03:30
02.09.90;FCO;FRA;04:58;07:29;02:31
31.08.90;MUC;FCO;19:00;20:21;01:21
26.08.90;MUC;CGN;16:45;17:50;01:05
26.08.90;CGN;MUC;18:20;19:17;00:57
25.08.90;MUC;TLV;07:05;10:47;03:42
25.08.90;TLV;MUC;11:35;15:28;03:53
24.08.90;MUC;BUD;09:55;11:07;01:12
24.08.90;BUD;MUC;11:55;13:06;01:11
18.08.90;STR;FRA;08:43;09:42;00:59
18.08.90;FRA;AYT;10:50;14:12;03:22
18.08.90;AYT;FRA;14:55;18:45;03:50
17.08.90;STR;CGN;04:43;05:32;00:49
17.08.90;CGN;STR;06:02;06:54;00:52
17.08.90;STR;HAM;07:39;08:50;01:11
17.08.90;HAM;STR;09:45;10:55;01:10
16.08.90;MUC;HAJ;04:48;05:48;01:00
16.08.90;HAJ;STR;06:08;07:10;01:02
15.08.90;DUS;MUC;08:40;09:45;01:05
14.08.90;FRA;CGN;11:28;12:14;00:46
14.08.90;CGN;FRA;12:35;13:21;00:46
12.08.90;HAM;ARN;12:35;14:02;01:27
12.08.90;ARN;DUS;14:52;16:47;01:55
12.08.90;DUS;FRA;17:27;18:17;00:50
11.08.90;MUC;TUN;09:45;11:51;02:06
11.08.90;TUN;MUC;12:50;14:50;02:00
11.08.90;MUC;HAM;16:35;17:58;01:23
10.08.90;FRA;BCN;14:45;16:33;01:48
10.08.90;BCN;MUC;19:10;21:05;01:55
02.08.90;DUS;FRA;05:53;06:57;01:04
02.08.90;FRA;NAP;07:36;09:49;02:13
02.08.90;NAP;FRA;10:33;12:37;02:04
01.08.90;MUC;HAM;05:39;06:55;01:16
01.08.90;HAM;FBU;07:35;09:10;01:35
01.08.90;FBU;HAM;09:35;10:50;01:15
01.08.90;HAM;DUS;11:30;12:20;00:50
31.07.90;FRA;MAN;05:53;07:37;01:44
31.07.90;MAN;FRA;09:13;10:57;01:44
28.07.90;STR;FRA;08:55;09:50;00:55
28.07.90;FRA;AYT;11:20;15:00;03:40
28.07.90;AYT;FRA;15:50;19:52;04:02
27.07.90;STR;CGN;05:07;05:54;00:47
27.07.90;CGN;STR;06:21;07:08;00:47
27.07.90;STR;HAM;07:43;09:06;01:23
27.07.90;HAM;STR;09:50;11:03;01:13
26.07.90;MUC;HAJ;04:30;05:53;01:23
26.07.90;HAJ;MUC;06:20;07:20;01:00
25.07.90;DUS;MUC;05:35;06:41;01:06
25.07.90;MUC;LGW;08:28;10:19;01:51
25.07.90;LGW;MUC;11:48;13:26;01:38
24.07.90;FRA;CGN;11:50;12:27;00:37
24.07.90;CGN;FRA;13:02;13:47;00:45
22.07.90;HAM;ARN;12:47;14:21;01:34
22.07.90;ARN;DUS;14:55;16:55;02:00
22.07.90;DUS;FRA;17:28;18:22;00:54
21.07.90;MUC;ATH;08:45;11:15;02:30
21.07.90;ATH;MUC;13:05;15:33;02:28
21.07.90;MUC;HAM;16:32;17:56;01:24
20.07.90;FRA;BCN;16:00;17:51;01:51
20.07.90;BCN;FRA;18:40;20:31;01:51
18.07.90;FRA;CAS;08:56;12:25;03:29
18.07.90;CAS;FRA;14:03;17:50;03:47
16.07.90;STR;HAM;04:45;05:55;01:10
16.07.90;HAM;DUS;06:33;07:20;00:47
16.07.90;DUS;LIN;08:05;09:30;01:25
16.07.90;LIN;DUS;10:12;11:35;01:23
09.07.90;MUC;FRA;06:30;07:42;01:12
08.07.90;MUC;LIS;09:20;12:25;03:05
08.07.90;LIS;MUC;12:55;16:04;03:09
07.07.90;CGN;CDG;06:35;07:39;01:04
07.07.90;CDG;CGN;08:30;09:37;01:07
07.07.90;CGN;MUC;10:25;11:22;00:57
06.07.90;MUC;FCO;06:50;08:31;01:41
06.07.90;FCO;MUC;09:00;10:37;01:37
06.07.90;MUC;CGN;11:39;12:50;01:11
05.07.90;FRA;ESB;07:25;10:40;03:15
05.07.90;ESB;MUC;11:14;14:26;03:12
28.06.90;GVA;FRA;05:10;06:15;01:05
28.06.90;FRA;PMI;08:28;10:35;02:07
28.06.90;PMI;FRA;11:15;13:17;02:02
27.06.90;FRA;TRN;06:05;07:13;01:08
27.06.90;TRN;FRA;08:15;09:28;01:13
16.06.90;CGN;CDG;06:23;07:23;01:00
16.06.90;CDG;CGN;08:10;09:16;01:06
16.06.90;CGN;MUC;10:12;11:11;00:59
14.06.90;FRA;NUE;15:44;16:31;00:47
14.06.90;NUE;LHR;18:21;19:48;01:27
14.06.90;LHR;CGN;20:20;21:28;01:08
13.06.90;HAJ;MUC;11:37;12:47;01:10
13.06.90;MUC;HAM;13:43;14:06;00:23
13.06.90;HAM;NUE;15:30;16:35;01:05
13.06.90;NUE;FRA;17:00;17:53;00:53
13.06.90;FRA;NUE;19:03;19:40;00:37
12.06.90;MUC;CGN;14:30;15:37;01:07
12.06.90;CGN;MUC;16:13;17:17;01:04
12.06.90;MUC;HAJ;19:10;20:17;01:07
09.06.90;FCO;FRA;04:56;06:52;01:56
09.06.90;FRA;HEL;08:10;09:58;01:48
09.06.90;HEL;FRA;10:50;12:48;01:58
07.06.90;FRA;GVA;15:20;16:35;01:15
07.06.90;GVA;MUC;17:10;18:26;01:16
07.06.90;MUC;FCO;19:15;20:57;01:42
06.06.90;GVA;FRA;13:35;14:38;01:03
06.06.90;FRA;HEL;15:25;17:47;02:22
06.06.90;HEL;HAM;18:15;20:04;01:49
05.06.90;MUC;HAJ;15:12;16:18;01:06
05.06.90;HAJ;MUC;16:50;18:00;01:10
05.06.90;MUC;CGN;18:53;20:00;01:07
03.06.90;FRA;TNG;08:30;11:55;03:25
03.06.90;TNG;FRA;12:30;15:35;03:05
02.06.90;FRA;OPO;08:03;10:50;02:47
02.06.90;OPO;FRA;11:45;14:40;02:55
27.05.90;DUS;NCE;06:53;08:28;01:35
27.05.90;NCE;DUS;09:13;10:48;01:35
27.05.90;DUS;HAM;11:30;12:27;00:57
26.05.90;NUE;DUS;06:20;07:13;00:53
26.05.90;DUS;LHR;08:50;09:55;01:05
26.05.90;LHR;DUS;10:38;11:59;01:21
25.05.90;FRA;CGN;11:31;12:20;00:49
25.05.90;CGN;FRA;12:53;13:36;00:43
25.05.90;FRA;NUE;15:09;15:54;00:45
23.05.90;DUS;FRA;09:35;10:47;01:12
23.05.90;FRA;AGP;12:45;16:08;03:23
23.05.90;AGP;FRA;16:35;19:16;02:41
22.05.90;DUS;ZRH;17:25;18:38;01:13
22.05.90;ZRH;DUS;19:05;20:14;01:09
21.05.90;DUS;ZRH;16:55;17:59;01:04
21.05.90;ZRH;DUS;18:37;19:42;01:05
18.05.90;HAM;STR;04:40;05:47;01:07
18.05.90;STR;VIE;06:25;07:39;01:14
18.05.90;VIE;MUC;08:10;09:12;01:02
17.05.90;NUE;DUS;04:30;05:24;00:54
17.05.90;DUS;HAM;06:00;07:03;01:03
17.05.90;HAM;FBU;07:35;08:51;01:16
17.05.90;FBU;HAM;09:25;10:43;01:18
15.05.90;HAJ;MUC;11:40;12:54;01:14
15.05.90;MUC;HAM;13:35;14:59;01:24
15.05.90;HAM;NUE;15:30;16:36;01:06
15.05.90;NUE;FRA;17:00;18:03;01:03
15.05.90;FRA;NUE;18:45;19:31;00:46
14.05.90;MUC;CGN;14:35;15:54;01:19
14.05.90;CGN;MUC;16:15;17:20;01:05
14.05.90;MUC;HAJ;19:20;20:34;01:14
22.04.90;DUS;NCE;06:50;08:27;01:37
22.04.90;NCE;DUS;09:25;11:04;01:39
22.04.90;DUS;HAM;11:39;12:36;00:57
21.04.90;NUE;DUS;06:16;07:10;00:54
21.04.90;DUS;LHR;08:38;10:06;01:28
21.04.90;LHR;DUS;10:50;12:00;01:10
19.04.90;HAM;NUE;15:30;16:40;01:10
19.04.90;NUE;FRA;17:00;17:46;00:46
19.04.90;FRA;NUE;18:50;19:30;00:40
18.04.90;FRA;HEL;11:00;13:24;02:24
18.04.90;HEL;HAM;14:20;16:20;02:00
16.04.90;ZRH;HAM;13:00;14:25;01:25
16.04.90;HAM;FRA;14:55;15:55;01:00
16.04.90;FRA;LGW;16:48;18:19;01:31
16.04.90;LGW;FRA;19:00;20:23;01:23
15.04.90;ESB;FRA;05:55;09:23;03:28
14.04.90;AMS;FRA;05:20;06:35;01:15
14.04.90;FRA;ESB;07:39;10:52;03:13
11.04.90;MUC;LGW;08:28;10:22;01:54
11.04.90;LGW;MUC;11:05;12:45;01:40
11.04.90;MUC;FRA;13:28;14:42;01:14
10.04.90;FCO;FRA;05:00;07:07;02:07
10.04.90;MUC;VIE;10:20;11:23;01:03
10.04.90;VIE;MUC;11:57;12:48;00:51
08.04.90;MUC;CGN;14:30;15:38;01:08
08.04.90;CGN;MUC;16:10;17:09;00:59
08.04.90;MUC;FCO;18:40;20:11;01:31
03.04.90;ZRH;FRA;05:01;06:05;01:04
03.04.90;FRA;OPO;07:10;10:18;03:08
03.04.90;OPO;FRA;11:00;13:59;02:59
02.04.90;FCO;FRA;04:58;07:14;02:16
02.04.90;FRA;HAM;09:55;11:03;01:08
02.04.90;HAM;ZRH;11:27;12:59;01:32
31.03.90;MUC;FCO;18:40;20:07;01:27
16.03.90;HAJ;MUC;06:05;07:56;01:51
15.03.90;BRE;FRA;05:30;07:53;02:23
15.03.90;FRA;BRE;08:30;09:25;00:55
15.03.90;BRE;HAJ;10:25;10:55;00:30
14.03.90;DUS;MUC;06:55;08:06;01:11
14.03.90;MUC;LHR;09:00;11:04;02:04
14.03.90;LHR;BRE;11:45;13:12;01:27
13.03.90;DUS;WAW;07:00;08:50;01:50
13.03.90;WAW;DUS;09:25;11:21;01:56
12.03.90;FRA;DUS;07:10;07:53;00:43
12.03.90;DUS;MAN;08:25;10:00;01:35
12.03.90;MAN;DUS;10:35;11:53;01:18
07.03.90;ARN;FRA;11:53;14:09;02:16
07.03.90;FRA;ARN;15:10;17:16;02:06
07.03.90;ARN;FRA;17:50;20:05;02:15
06.03.90;DUS;ZRH;14:55;16:06;01:11
06.03.90;ZRH;DUS;16:40;18:03;01:23
06.03.90;DUS;ARN;18:43;20:55;02:12
05.03.90;ESB;MUC;12:22;15:33;03:11
05.03.90;MUC;DUS;16:05;17:24;01:19
05.03.90;DUS;ZRH;17:53;18:59;01:06
05.03.90;ZRH;DUS;19:36;20:52;01:16
04.03.90;MUC;CGN;15:31;16:45;01:14
04.03.90;CGN;MUC;17:15;18:29;01:14
04.03.90;MUC;ESB;19:01;21:56;02:55
03.03.90;MUC;FRA;16:41;17:38;00:57
03.03.90;FRA;MUC;18:49;19:42;00:53
02.03.90;HEL;HAM;15:25;17:25;02:00
02.03.90;HAM;DUS;18:20;19:07;00:47
01.03.90;MUC;BRE;16:32;17:48;01:16
01.03.90;BRE;MUC;18:21;19:33;01:12
01.03.90;MUC;DUS;20:09;21:22;01:13
28.02.90;FCO;MUC;06:55;08:55;02:00
28.02.90;MUC;CGN;09:33;11:00;01:27
28.02.90;CGN;MUC;11:29;12:30;01:01
28.02.90;MUC;FRA;14:30;15:41;01:11
26.02.90;CGN;MUC;16:15;17:23;01:08
26.02.90;MUC;FCO;19:55;21:28;01:33
25.02.90;FRA;HEL;12:25;14:45;02:20
25.02.90;HEL;HAM;15:25;17:38;02:13
25.02.90;HAM;DUS;18:14;19:20;01:06
24.02.90;MUC;HAM;17:32;18:57;01:25
21.02.90;FRA;AMS;15:53;17:05;01:12
21.02.90;AMS;FRA;17:40;18:50;01:10
20.02.90;HAJ;LHR;12:47;14:18;01:31
20.02.90;LHR;CGN;14:50;15:58;01:08
20.02.90;CGN;LHR;16:50;17:59;01:09
20.02.90;LHR;STR;18:35;20:03;01:28
19.02.90;FRA;GVA;16:03;17:13;01:10
19.02.90;GVA;MUC;17:53;19:03;01:10
19.02.90;MUC;HAJ;19:50;20:59;01:09
18.02.90;DUS;LHR;12:57;14:12;01:15
18.02.90;LHR;CGN;14:50;15:50;01:00
18.02.90;CGN;LHR;16:38;17:48;01:10
18.02.90;LHR;STR;18:43;20:12;01:29
17.02.90;FRA;HEL;12:10;14:48;02:38
12.02.90;DUS;MUC;12:48;13:58;01:10
12.02.90;MUC;HAM;14:32;15:55;01:23
12.02.90;HAM;NUE;16:28;17:35;01:07
12.02.90;NUE;FRA;17:59;18:52;00:53
11.02.90;FRA;MUC;14:48;15:41;00:53
11.01.90;DUS;MUC;12:48;13:57;01:09
11.01.90;MUC;HAM;14:35;16:03;01:28
11.01.90;HAM;NUE;16:30;17:31;01:01
11.01.90;NUE;FRA;17:58;18:45;00:47
10.01.90;MUC;MAD;13:00;15:23;02:23
10.01.90;MAD;STR;16:27;19:37;03:10
10.01.90;STR;DUS;20:10;21:07;00:57
09.01.90;MUC;TLV;07:55;11:48;03:53
09.01.90;TLV;MUC;12:30;16:32;04:02
08.01.90;FRA;MUC;06:20;07:22;01:02
05.01.90;STR;HAJ;05:39;06:39;01:00
05.01.90;HAJ;FRA;07:13;08:17;01:04
05.01.90;FRA;ARN;09:05;11:21;02:16
05.01.90;ARN;FRA;12:00;14:10;02:10
04.01.90;ISL;MUC;04:50;07:28;02:38
04.01.90;MUC;DUS;08:09;09:14;01:05
04.01.90;DUS;FRA;10:26;11:20;00:54
02.01.90;MUC;DUS;15:10;16:14;01:04
02.01.90;DUS;MUC;16:49;17:55;01:06
02.01.90;MUC;ISL;18:40;21:10;02:30
01.01.90;FRA;MUC;13:50;14:38;00:48
01.01.90;MUC;ZRH;17:30;18:16;00:46
01.01.90;ZRH;MUC;19:06;19:59;00:53
25.12.89;DUS;CPH;07:20;08:29;01:09
25.12.89;CPH;FRA;09:17;10:36;01:19
24.12.89;ISL;MUC;04:47;07:29;02:42
24.12.89;MUC;DUS;08:05;09:29;01:24
22.12.89;BRE;MUC;13:27;14:37;01:10
22.12.89;MUC;DUS;15:17;16:25;01:08
22.12.89;DUS;MUC;16:55;18:08;01:13
22.12.89;MUC;ISL;18:50;21:34;02:44
21.12.89;FRA;LIN;14:50;16:00;01:10
21.12.89;LIN;FRA;17:00;18:20;01:20
21.12.89;FRA;BRE;19:02;20:00;00:58
12.12.89;ARN;FRA;12:35;16:10;03:35
12.12.89;FRA;ARN;16:54;18:59;02:05
12.12.89;ARN;FRA;19:28;22:16;02:48
11.12.89;DUS;ZRH;14:55;16:01;01:06
11.12.89;ZRH;DUS;16:40;17:53;01:13
11.12.89;DUS;ARN;18:24;20:29;02:05
10.12.89;ESB;MUC;12:23;15:34;03:11
10.12.89;MUC;DUS;16:18;17:44;01:26
10.12.89;DUS;ZRH;18:20;19:27;01:07
10.12.89;ZRH;DUS;19:57;21:18;01:21
09.12.89;MUC;ESB;19:30;22:14;02:44
08.12.89;FRA;DUS;15:46;16:28;00:42
08.12.89;DUS;CPH;17:00;18:23;01:23
08.12.89;CPH;MUC;18:58;20:37;01:39
17.11.89;FRA;GVA;16:58;18:04;01:06
17.11.89;GVA;MUC;18:35;19:30;00:55
17.11.89;MUC;FRA;20:15;21:07;00:52
16.11.89;HAJ;LHR;12:45;14:16;01:31
16.11.89;LHR;CGN;15:03;16:16;01:13
16.11.89;CGN;LHR;16:48;18:02;01:14
16.11.89;LHR;STR;18:36;20:23;01:47
15.11.89;FRA;GVA;16:17;17:36;01:19
15.11.89;GVA;MUC;18:10;19:12;01:02
15.11.89;MUC;HAJ;19:58;21:09;01:11
14.11.89;FRA;NCE;15:50;17:21;01:31
14.11.89;NCE;FRA;17:50;19:43;01:53
14.11.89;FRA;ZRH;20:18;21:06;00:48
13.11.89;FRA;HEL;12:04;14:50;02:46
13.11.89;HEL;HAM;15:28;17:23;01:55
13.11.89;HAM;DUS;18:24;19:15;00:51
07.11.89;ARN;FRA;12:04;14:07;02:03
07.11.89;FRA;ARN;15:10;17:14;02:04
07.11.89;ARN;FRA;17:50;19:58;02:08
06.11.89;DUS;ZRH;14:59;16:11;01:12
06.11.89;ZRH;DUS;16:45;18:05;01:20
06.11.89;DUS;ARN;18:38;20:50;02:12
05.11.89;ESB;MUC;12:24;15:26;03:02
05.11.89;MUC;DUS;16:06;17:20;01:14
05.11.89;DUS;ZRH;17:56;19:09;01:13
05.11.89;ZRH;DUS;19:46;20:49;01:03
04.11.89;MUC;ESB;18:40;21:42;03:02
03.11.89;FRA;DUS;15:27;16:14;00:47
03.11.89;DUS;CPH;16:50;18:07;01:17
03.11.89;CPH;MUC;18:40;20:32;01:52
28.10.89;FRA;TFS;07:45;12:48;05:03
28.10.89;TFS;FRA;14:35;19:25;04:50
27.10.89;FRA;ARN;10:35;12:42;02:07
27.10.89;ARN;FRA;13:27;15:52;02:25
24.10.89;FRA;ARN;15:07;17:07;02:00
24.10.89;ARN;FRA;17:35;19:43;02:08
23.10.89;ESB;MUC;12:15;15:25;03:10
23.10.89;MUC;DUS;16:08;17:23;01:15
23.10.89;DUS;ZRH;17:55;19:13;01:18
23.10.89;ZRH;DUS;19:38;20:49;01:11
22.10.89;MUC;CGN;15:34;16:47;01:13
22.10.89;CGN;MUC;17:10;18:16;01:06
22.10.89;MUC;ESB;18:45;21:54;03:09
21.10.89;HAM;MUC;12:29;13:49;01:20
21.10.89;MUC;BCN;14:22;16:30;02:08
21.10.89;BCN;MUC;17:10;19:11;02:01
20.10.89;FRA;BRE;16:03;17:05;01:02
20.10.89;BRE;FRA;17:30;18:35;01:05
20.10.89;FRA;HAM;20:14;21:29;01:15
17.10.89;MUC;HAM;15:35;17:08;01:33
17.10.89;HAM;NUE;17:35;18:39;01:04
17.10.89;NUE;FRA;19:00;19:40;00:40
16.10.89;DUS;MUC;13:25;14:25;01:00
16.10.89;MUC;CGN;14:55;16:06;01:11
16.10.89;CGN;MUC;16:50;17:50;01:00
16.10.89;MUC;CGN;19:40;21:00;01:20
15.10.89;MUC;BRE;16:40;18:04;01:24
15.10.89;BRE;MUC;18:23;19:29;01:06
15.10.89;MUC;DUS;20:15;21:41;01:26
14.10.89;FRA;MUC;18:50;19:47;00:57
13.10.89;MUC;FRA;17:30;18:35;01:05
13.10.89;FRA;HAM;19:15;20:14;00:59
05.10.89;STR;DUS;05:35;06:36;01:01
05.10.89;DUS;HAM;07:30;08:31;01:01
05.10.89;HAM;HEL;09:05;11:14;02:09
05.10.89;HEL;FRA;11:50;14:25;02:35
04.10.89;ESB;FRA;06:25;10:05;03:40
03.10.89;ZRH;FRA;06:05;07:26;01:21
03.10.89;FRA;ESB;08:25;11:32;03:07
02.10.89;FRA;BRE;09:00;10:02;01:02
02.10.89;BRE;FRA;10:25;11:28;01:03
28.09.89;FRA;ARN;15:00;17:05;02:05
28.09.89;ARN;FRA;17:40;20:05;02:25
27.09.89;MUC;CGN;15:13;16:29;01:16
27.09.89;CGN;MUC;17:00;18:00;01:00
27.09.89;MUC;CGN;19:35;20:40;01:05
26.09.89;MUC;MAD;13:05;15:19;02:14
26.09.89;MAD;STR;16:25;18:50;02:25
26.09.89;STR;DUS;19:35;20:30;00:55
25.09.89;FRA;DUS;15:24;16:01;00:37
25.09.89;DUS;CPH;16:44;17:55;01:11
25.09.89;CPH;MUC;18:25;20:05;01:40
22.09.89;FRA;LYS;16:57;18:15;01:18
22.09.89;LYS;FRA;18:56;20:13;01:17
21.09.89;HAJ;LHR;13:00;14:35;01:35
21.09.89;LHR;CGN;15:14;16:30;01:16
21.09.89;CGN;LHR;18:08;19:21;01:13
21.09.89;LHR;STR;19:50;21:22;01:32
20.09.89;FRA;HAJ;10:30;11:22;00:52
19.09.89;DUS;MUC;05:53;07:04;01:11
19.09.89;MUC;LHR;08:00;09:56;01:56
19.09.89;LHR;BRE;10:33;11:50;01:17
18.09.89;FRA;BRU;11:15;12:06;00:51
18.09.89;BRU;FRA;12:40;13:40;01:00
14.09.89;ISL;MUC;03:58;06:39;02:41
14.09.89;MUC;DUS;07:15;08:36;01:21
14.09.89;DUS;FRA;09:10;10:00;00:50
12.09.89;BRE;DUS;14:10;14:56;00:46
12.09.89;DUS;MUC;16:50;18:17;01:27
12.09.89;MUC;ISL;18:58;21:20;02:22
11.09.89;LIN;FRA;16:17;17:56;01:39
11.09.89;FRA;BRE;18:52;19:46;00:54
10.09.89;FRA;HEL;11:15;13:47;02:32
10.09.89;HEL;HAM;14:25;16:29;02:04
10.09.89;HAM;DUS;17:29;18:25;00:56
10.09.89;DUS;LIN;18:56;20:25;01:29
01.09.89;FRA;ARN;14:17;16:13;01:56
01.09.89;ARN;FRA;16:50;19:23;02:33
31.08.89;ESB;MUC;11:25;14:40;03:15
31.08.89;MUC;DUS;15:51;17:04;01:13
31.08.89;DUS;ZRH;18:08;19:14;01:06
31.08.89;ZRH;DUS;19:49;20:50;01:01
30.08.89;MUC;CGN;13:35;14:45;01:10
30.08.89;CGN;MUC;15:11;16:17;01:06
30.08.89;MUC;ESB;17:50;20:51;03:01
29.08.89;MUC;TLV;07:00;11:10;04:10
29.08.89;TLV;MUC;11:49;15:44;03:55
28.08.89;FRA;BRU;11:03;12:08;01:05
28.08.89;BRU;FRA;12:40;13:40;01:00
28.08.89;FRA;MUC;14:39;15:28;00:49
19.08.89;MUC;CAS;09:22;13:10;03:48
19.08.89;CAS;FRA;14:00;17:40;03:40
18.08.89;MUC;ADB;09:05;11:47;02:42
18.08.89;ADB;MUC;12:28;15:13;02:45
17.08.89;MUC;FRA;06:35;07:34;00:59
16.08.89;MUC;FRA;05:00;06:05;01:05
16.08.89;FRA;MUC;07:50;08:43;00:53
15.08.89;FRA;MUC;11:55;12:48;00:53
10.08.89;FRA;NAP;07:00;09:58;02:58
10.08.89;NAP;CTA;11:22;12:21;00:59
09.08.89;MUC;BRE;04:40;05:59;01:19
08.08.89;FRA;FRA;10:00;12:54;02:54
08.08.89;FRA;FRA;14:00;15:04;01:04
06.08.89;FRA;FRA;10:00;12:01;02:01
06.08.89;MUC;FRA;13:00;14:38;01:38
03.08.89;DUS;MUC;12:07;13:07;01:00
03.08.89;MUC;DUS;14:08;15:19;01:11
03.08.89;DUS;MUC;15:59;17:04;01:05
03.08.89;MUC;FRA;17:40;18:37;00:57
02.08.89;MUC;MAD;12:20;14:48;02:28
02.08.89;MAD;MUC;15:32;17:55;02:23
01.08.89;DUS;CPH;15:47;17:05;01:18
01.08.89;CPH;MUC;17:30;19:01;01:31
31.07.89;FRA;GVA;15:10;16:20;01:10
31.07.89;GVA;MUC;17:00;18:27;01:27
31.07.89;MUC;CGN;18:56;20:05;01:09
30.07.89;FRA;ADB;11:20;14:19;02:59
30.07.89;ADB;FRA;15:20;18:49;03:29
30.07.89;FRA;ZRH;19:35;20:40;01:05
14.07.89;PFO;PFO;12:30;14:00;01:30
13.07.89;PFO;PFO;08:40;10:10;01:30
12.07.89;PFO;PFO;06:30;08:00;01:30
10.07.89;PFO;PFO;15:40;17:10;01:30
01.03.89;BRE;BRU;07:25;09:00;01:35
27.02.89;BRE;BRE;14:30;16:00;01:30
24.02.89;STR;BRU;14:00;15:20;01:20
23.02.89;EBJ;BRE;16:35;18:00;01:25
19.02.89;NCE;ZRH;10:00;11:30;01:30
18.02.89;ZRH;AJA;13:25;15:00;01:35
17.02.89;HAM;BRU;11:20;12:50;01:30
17.02.89;BRU;LYS;13:55;14:50;00:55
14.02.89;BRE;OSL;07:35;09:50;02:15
30.01.89;BRE;NUE;16:10;18:30;02:20
25.01.89;STR;BRE;19:10;20:30;01:20
24.01.89;BIL;BRE;14:30;15:50;01:20
19.01.89;BRE;BRE;13:35;14:45;01:10
18.01.89;FMO;BRE;08:00;09:40;01:40
17.01.89;BRE;EBJ;14:30;16:30;02:00
26.07.88;GYR;RYN;13:35;14:55;01:20
25.07.88;RYN;GYR;16:25;18:00;01:35
22.07.88;GYR;TUS;13:30;15:20;01:50
21.07.88;TUS;GYR;16:45;18:35;01:50
19.07.88;GYR;CNO;13:45;16:50;03:05
18.07.88;CGZ;GYR;16:30;18:35;02:05
14.07.88;GYR;GYR;13:35;14:25;00:50
13.07.88;GYR;YUM;13:30;15:30;02:00
12.07.88;CNO;GYR;16:50;19:10;02:20
11.07.88;GYR;GYR;13:35;15:35;02:00
09.07.88;SDX;GYR;22:45;00:30;01:45
07.07.88;DVT;GYR;22:15;00:15;02:00
07.07.88;GYR;SDX;19:45;22:20;02:35
05.07.88;GYR;YUM;19:40;21:45;02:05
01.07.88;CGZ;GYR;19:35;21:30;01:55
30.06.88;GYR;GYR;13:25;14:10;00:45
30.06.88;GYR;BLH;18:35;20:35;02:00
27.06.88;GYR;CGZ;19:50;21:50;02:00
24.06.88;GYR;GYR;13:50;14:40;00:50
21.06.88;GYR;TUS;13:40;15:45;02:05
20.06.88;TUS;GYR;16:35;18:45;02:10
17.06.88;GYR;CGZ;13:45;15:30;01:45
16.06.88;CGZ;GYR;16:40;18:10;01:30
15.06.88;GYR;CGZ;14:00;15:40;01:40
14.06.88;CGZ;GYR;16:25;17:55;01:30
13.06.88;GYR;CGZ;13:20;14:50;01:30
10.06.88;CGZ;GYR;20:55;22:25;01:30
09.06.88;GYR;BLH;01:25;03:00;01:35
08.06.88;RYN;GYR;03:00;04:35;01:35
07.06.88;GYR;KE60;01:20;03:05;01:45
06.06.88;CGZ;GYR;14:25;15:15;00:50
03.06.88;GYR;CGZ;19:25;20:45;01:20
01.06.88;CGZ;GYR;21:35;23:10;01:35
31.05.88;GYR;CGZ;19:20;21:00;01:40
28.05.88;FLG;GYR;21:00;22:20;01:20
27.05.88;CGZ;GYR;16:15;16:45;00:30
27.05.88;GYR;GYR;17:10;18:20;01:10
27.05.88;GYR;FLG;20:00;21:30;01:30
26.05.88;GYR;CGZ;13:50;15:20;01:30
25.05.88;GYR;GYR;22:00;22:30;00:30
25.05.88;CGZ;GYR;15:50;17:15;01:25
24.05.88;GYR;GYR;13:45;15:25;01:40
23.05.88;CGZ;GYR;16:20;17:50;01:30
20.05.88;GYR;CGZ;14:05;15:35;01:30
16.12.87;KE60;GYR;20:35;21:35;01:00
15.12.87;SDX;GYR;22:30;23:45;01:15
14.12.87;DVT;GYR;22:05;23:20;01:15
09.12.87;TUS;GYR;17:05;18:45;01:40
08.12.87;DVT;GYR;16:45;18:00;01:15
07.12.87;GYR;PSP;14:35;17:15;02:40
05.12.87;GYR;GYR;15:10;16:40;01:30
04.12.87;GYR;GYR;15:55;19:00;03:05
03.12.87;DVT;GYR;16:15;17:20;01:05
02.12.87;TUS;GYR;16:50;18:25;01:35
01.12.87;PSP;GYR;18:10;20:45;02:35
24.11.87;GYR;GYR;01:30;02:30;01:00
23.11.87;GYR;GYR;02:25;03:25;01:00
20.11.87;GYR;VGT;16:40;18:35;01:55
18.11.87;GYR;GYR;19:50;23:35;03:45
17.11.87;GYR;GYR;02:40;03:40;01:00
16.11.87;GYR;GYR;01:30;02:35;01:05
13.11.87;SDX;GYR;16:25;17:25;01:00
13.11.87;GYR;GYR;21:00;22:10;01:10
12.11.87;SDM;GYR;16:55;19:15;02:20
11.11.87;GYR;SDX;14:05;15:15;01:10
10.11.87;GYR;GYR;14:15;16:10;01:55
09.11.87;GYR;DVT;14:20;15:20;01:00
06.11.87;GYR;DVT;14:10;16:40;02:30
05.11.87;GYR;DVT;14:15;15:20;01:05
04.11.87;GYR;PRC;14:10;16:25;02:15
02.11.87;GYR;DVT;14:50;16:20;01:30
29.10.87;GYR;DVT;18:25;19:15;00:50
28.10.87;GYR;GYR;19:50;21:00;01:10
27.10.87;GYR;KE60;20:50;22:15;01:25
26.10.87;KE60;GYR;22:35;00:10;01:35
23.10.87;GYR;GYR;21:30;00:30;03:00
22.10.87;GYR;GYR;19:25;20:55;01:30
21.10.87;GYR;KE60;20:00;22:00;02:00
20.10.87;GYR;GYR;22:25;23:40;01:15
19.10.87;GYR;GYR;19:50;22:20;02:30
16.10.87;GYR;GYR;14:20;16:25;02:05
15.10.87;GYR;DVT;13:55;15:45;01:50
14.10.87;GYR;SDX;13:40;15:00;01:20
13.10.87;GYR;GYR;15:30;16:05;00:35
12.10.87;GYR;DVT;13:55;16:05;02:10
09.10.87;GYR;DVT;14:10;16:10;02:00
07.10.87;GYR;GYR;16:05;17:30;01:25
06.10.87;GYR;GYR;14:05;15:10;01:05
05.10.87;GYR;GYR;14:40;16:15;01:35
02.10.87;E63;GYR;23:55;01:10;01:15
02.10.87;E63;GYR;21:30;23:00;01:30
30.09.87;E63;GYR;22:05;23:45;01:40
29.09.87;GYR;GYR;20:00;21:45;01:45
28.09.87;E63;GYR;21:20;22:50;01:30
25.09.87;GYR;GYR;19:40;21:10;01:30
24.09.87;GYR;GYR;22:45;23:45;01:00
24.09.87;GYR;GYR;19:50;21:20;01:30
22.09.87;DVT;GYR;22:20;23:30;01:10
22.09.87;GYR;GYR;21:10;22:10;01:00
17.09.87;GYR;GYR;15:50;17:05;01:15
16.09.87;GYR;GYR;16:05;17:25;01:20
15.09.87;GYR;GYR;16:10;17:15;01:05
14.09.87;GYR;GYR;13:50;14:05;00:15
11.09.87;BXK;GYR;17:35;18:25;00:50
10.09.87;BXK;GYR;17:20;18:15;00:55
09.09.87;GYR;GYR;18:55;19:05;00:10
03.09.87;GYR;DVT;20:25;21:30;01:05
02.09.87;GYR;GYR;21:20;22:10;00:50
01.09.87;DVT;GYR;21:50;22:55;01:05
31.08.87;DVT;GYR;21:20;22:20;01:00
28.08.87;BXK;GYR;21:15;22:55;01:40
26.08.87;GYR;GBN;19:50;20:50;01:00
24.08.87;GYR;GYR;00:05;01:00;00:55
21.08.87;GYR;GYR;17:55;18:50;00:55
20.08.87;GBN;GYR;17:50;18:45;00:55
19.08.87;GYR;DVT;14:10;15:10;01:00
18.08.87;GYR;GYR;17:40;18:30;00:50
17.08.87;DVT;GYR;16:30;17:30;01:00
14.08.87;GYR;BXK;14:25;15:20;00:55